-- phpMyAdmin SQL Dump
-- version 4.7.9
-- https://www.phpmyadmin.net/
--
-- Host: 127.0.0.1
-- Generation Time: Aug 30, 2019 at 03:15 PM
-- Server version: 10.1.31-MariaDB
-- PHP Version: 5.6.34

SET SQL_MODE = "NO_AUTO_VALUE_ON_ZERO";
SET AUTOCOMMIT = 0;
START TRANSACTION;
SET time_zone = "+00:00";


/*!40101 SET @OLD_CHARACTER_SET_CLIENT=@@CHARACTER_SET_CLIENT */;
/*!40101 SET @OLD_CHARACTER_SET_RESULTS=@@CHARACTER_SET_RESULTS */;
/*!40101 SET @OLD_COLLATION_CONNECTION=@@COLLATION_CONNECTION */;
/*!40101 SET NAMES utf8mb4 */;

--
-- Database: `db_sidudunk`
--

-- --------------------------------------------------------

--
-- Table structure for table `kelamin`
--

CREATE TABLE `kelamin` (
  `id` int(11) NOT NULL,
  `nama` varchar(50) DEFAULT NULL
) ENGINE=InnoDB DEFAULT CHARSET=latin1;

--
-- Dumping data for table `kelamin`
--

INSERT INTO `kelamin` (`id`, `nama`) VALUES
(1, 'Laki laki'),
(2, 'Perempuan');

-- --------------------------------------------------------

--
-- Table structure for table `tbl_calon`
--

CREATE TABLE `tbl_calon` (
  `id` int(11) NOT NULL,
  `thn_pemilihan` varchar(4) NOT NULL,
  `kdkab` varchar(4) NOT NULL,
  `kdkec` varchar(7) NOT NULL,
  `kddesa` varchar(10) NOT NULL,
  `nourut` char(1) DEFAULT NULL,
  `nama` varchar(200) NOT NULL,
  `nik` varchar(16) DEFAULT NULL,
  `tmp_lahir` varchar(50) NOT NULL,
  `tgl_lahir` date NOT NULL,
  `kelamin` char(1) NOT NULL,
  `agama` varchar(20) NOT NULL,
  `alamat1` varchar(200) DEFAULT NULL,
  `alamat2` varchar(200) DEFAULT NULL,
  `id_pendidikan` int(11) DEFAULT NULL,
  `pendidikan` varchar(50) DEFAULT NULL,
  `id_pekerjaan` int(11) DEFAULT NULL,
  `organisasi` text,
  `keterangan` text,
  `photo` text,
  `s_hasil` int(11) NOT NULL
) ENGINE=InnoDB DEFAULT CHARSET=latin1;

--
-- Dumping data for table `tbl_calon`
--

INSERT INTO `tbl_calon` (`id`, `thn_pemilihan`, `kdkab`, `kdkec`, `kddesa`, `nourut`, `nama`, `nik`, `tmp_lahir`, `tgl_lahir`, `kelamin`, `agama`, `alamat1`, `alamat2`, `id_pendidikan`, `pendidikan`, `id_pekerjaan`, `organisasi`, `keterangan`, `photo`, `s_hasil`) VALUES
(7, '2019', '3210', '3210050', '3210050012', '1', 'Salim Suriaadinata', '', 'Majalengka', '1967-05-22', 'L', 'Islam', '', NULL, 7, NULL, 4, '', '', 'SALIM_SURIAADINATA-1560989303082.jpg', 677),
(9, '2019', '3210', '3210140', '3210140008', '3', 'Thomas', '', 'Majalengka', '1964-06-17', 'L', 'Islam', '', NULL, 8, NULL, 1, '', '', 'THOMAS-1565430633365.jpg', 334),
(10, '2019', '3210', '3210140', '3210140008', '2', 'Arpan', '', 'Majalengka', '1966-11-12', 'L', 'Islam', '', NULL, 8, NULL, 1, '', '', 'ARPAN-1565430624872.jpg', 123),
(11, '2019', '3210', '3210140', '3210140004', '2', 'Suridman', '', 'Majalengka', '1966-09-08', 'L', 'Islam', '', NULL, 6, NULL, 2, '', '', 'SURIDMAN-1565430601568.jpg', 123),
(12, '2019', '3210', '3210140', '3210140004', '1', 'Iroh Rosidah', '', 'Majalengka', '1969-07-21', 'P', 'Islam', '', NULL, 5, NULL, 2, '', '', 'IROH_ROSIDAH-1565463271164.jpg', 102),
(13, '2019', '3210', '3210140', '3210140008', '1', 'Tata Sumitra', '', 'Majalengka', '1971-10-10', 'L', 'Islam', 'Jalan Desa', NULL, 5, NULL, 15, 'KNPI', 'Keterangan tambahan', 'TATA_SUMITRA-1565469749597.jpg', 322),
(14, '2019', '3210', '3210100', '3210100001', '2', 'Calon Satu', '', 'Majalengka', '1961-02-12', 'L', 'Islam', '', NULL, 5, NULL, 15, '', '', NULL, 271),
(15, '2019', '3210', '3210100', '3210100001', '1', 'Calon Dua', '', 'Majalengka', '1971-11-21', 'L', 'Islam', '', NULL, 8, NULL, 1, '', '', NULL, 119),
(16, '2019', '3210', '3210151', '3210151001', '2', 'Surya Sumantri', '', 'Majalengka', '1960-11-21', 'L', 'Islam', '', NULL, 5, NULL, 10, '', '', NULL, 0),
(17, '2019', '3210', '3210100', '3210100002', '1', 'Suganda', '', 'Majalengka', '1970-02-21', 'L', 'Islam', 'Majalengka', NULL, 7, NULL, 5, '', '', NULL, 527),
(18, '2019', '3210', '3210100', '3210100002', '2', 'Didi Rosidi', '', 'Cirebon', '1960-05-09', 'L', 'Islam', 'Rajagaluh', NULL, 5, NULL, 8, '', '', NULL, 433),
(19, '2019', '3210', '3210100', '3210100012', '1', 'Suwandi', '', 'Majalengka', '1962-11-17', 'L', 'Islam', 'Rajagaluh', NULL, 5, NULL, 9, '', '', NULL, 279),
(20, '2019', '3210', '3210100', '3210100012', '2', 'Idah Rosidah', '', 'Garut', '1966-08-17', 'P', 'Islam', 'Rajagaluh', NULL, 8, NULL, 15, '', '', NULL, 303),
(21, '2019', '3210', '3210100', '3210100012', '3', 'Maman Sunjana', '', 'Majalengka', '1968-04-15', 'L', 'Islam', 'Majalengka', NULL, 7, NULL, 19, '', '', NULL, 321),
(22, '2019', '3210', '3210100', '3210100012', '4', 'Sukarja', '', 'Kuningan', '1960-11-12', 'L', 'Islam', 'Majalengka', NULL, 5, NULL, 4, '', '', NULL, 401),
(23, '2019', '3210', '3210100', '3210100012', '5', 'Sahuri', '', 'Majalengka', '1959-09-08', 'L', 'Islam', 'Majalengka', NULL, 5, NULL, 4, '', '', NULL, 100);

-- --------------------------------------------------------

--
-- Stand-in structure for view `tbl_calon_extended`
-- (See below for the actual view)
--
CREATE TABLE `tbl_calon_extended` (
`id` int(11)
,`thn_pemilihan` varchar(4)
,`kdkab` varchar(4)
,`kdkec` varchar(7)
,`kddesa` varchar(10)
,`nourut` char(1)
,`nama` varchar(200)
,`nik` varchar(16)
,`tmp_lahir` varchar(50)
,`tgl_lahir` date
,`kelamin` char(1)
,`agama` varchar(20)
,`alamat1` varchar(200)
,`alamat2` varchar(200)
,`id_pendidikan` int(11)
,`pendidikan` varchar(50)
,`id_pekerjaan` int(11)
,`organisasi` text
,`keterangan` text
,`photo` text
,`s_hasil` int(11)
,`CALON1` bigint(11)
,`CALON2` bigint(11)
,`CALON3` bigint(11)
,`CALON4` bigint(11)
,`CALON5` bigint(11)
);

-- --------------------------------------------------------

--
-- Stand-in structure for view `tbl_calon_hasil_pivot`
-- (See below for the actual view)
--
CREATE TABLE `tbl_calon_hasil_pivot` (
`kdkec` varchar(7)
,`nama_kec` varchar(30)
,`kddesa` varchar(10)
,`nama_desa` varchar(40)
,`thn_pemilihan` varchar(4)
,`A` decimal(41,0)
,`B` decimal(41,0)
,`C` decimal(41,0)
,`D` decimal(41,0)
,`E` decimal(41,0)
);

-- --------------------------------------------------------

--
-- Table structure for table `tbl_desa_penyelenggara`
--

CREATE TABLE `tbl_desa_penyelenggara` (
  `id` int(11) NOT NULL,
  `kdkab` varchar(4) NOT NULL,
  `kdkec` varchar(7) NOT NULL,
  `kddesa` varchar(10) NOT NULL,
  `thn_pemilihan` char(4) NOT NULL,
  `dpt_l` int(11) NOT NULL,
  `dpt_p` int(11) NOT NULL,
  `dpt_jml` int(11) DEFAULT NULL,
  `suratsuara` int(11) NOT NULL,
  `ssrusak` int(11) NOT NULL,
  `sssah` int(11) NOT NULL,
  `sstdksah` int(11) NOT NULL,
  `sstidakterpakai` int(11) NOT NULL,
  `ketua` varchar(50) NOT NULL
) ENGINE=InnoDB DEFAULT CHARSET=latin1;

--
-- Dumping data for table `tbl_desa_penyelenggara`
--

INSERT INTO `tbl_desa_penyelenggara` (`id`, `kdkab`, `kdkec`, `kddesa`, `thn_pemilihan`, `dpt_l`, `dpt_p`, `dpt_jml`, `suratsuara`, `ssrusak`, `sssah`, `sstdksah`, `sstidakterpakai`, `ketua`) VALUES
(1, '3210', '3210140', '3210140008', '2019', 978, 1011, NULL, 2500, 0, 0, 0, 0, ''),
(2, '3210', '3210140', '3210140007', '2019', 1105, 779, NULL, 2000, 0, 0, 0, 0, 'Ahmad Sodikin'),
(3, '3210', '3210100', '3210100009', '2019', 397, 418, NULL, 800, 0, 0, 0, 0, ''),
(4, '3210', '3210100', '3210100012', '2019', 697, 609, NULL, 1375, 0, 0, 0, 0, 'Momon Sukirman'),
(9, '3210', '3210010', '3210010001', '2019', 0, 0, NULL, 0, 0, 0, 0, 0, ''),
(12, '3210', '3210100', '3210100002', '2019', 728, 699, NULL, 1500, 0, 0, 0, 0, 'Sarmidi'),
(13, '3210', '3210080', '3210080008', '2019', 567, 479, NULL, 1200, 0, 0, 0, 0, 'Edi Junaedi'),
(14, '3210', '3210080', '3210080009', '2019', 555, 598, NULL, 1200, 0, 0, 0, 0, 'Andi Sukandi');

--
-- Triggers `tbl_desa_penyelenggara`
--
DELIMITER $$
CREATE TRIGGER `calon_delete` AFTER DELETE ON `tbl_desa_penyelenggara` FOR EACH ROW BEGIN
DELETE FROM tbl_calon WHERE tbl_calon.kddesa = old.kddesa;
END
$$
DELIMITER ;

-- --------------------------------------------------------

--
-- Table structure for table `tbl_hasil_pilkades`
--

CREATE TABLE `tbl_hasil_pilkades` (
  `id` int(11) NOT NULL,
  `tahun` varchar(4) NOT NULL DEFAULT '0',
  `kdkab` varchar(4) NOT NULL DEFAULT '0',
  `kdkec` varchar(4) NOT NULL DEFAULT '0',
  `kddesa` varchar(4) NOT NULL DEFAULT '0',
  `s_calon1` int(11) NOT NULL DEFAULT '0',
  `s_calon2` int(11) NOT NULL DEFAULT '0',
  `s_calon3` int(11) NOT NULL DEFAULT '0',
  `s_calon4` int(11) NOT NULL DEFAULT '0',
  `s_calon5` int(11) NOT NULL DEFAULT '0',
  `ss_sah` int(11) NOT NULL DEFAULT '0',
  `ss_tidaksah` int(11) NOT NULL DEFAULT '0',
  `ss_rusak` int(11) NOT NULL DEFAULT '0'
) ENGINE=InnoDB DEFAULT CHARSET=latin1;

-- --------------------------------------------------------

--
-- Stand-in structure for view `tbl_laporan_pivot`
-- (See below for the actual view)
--
CREATE TABLE `tbl_laporan_pivot` (
`kdkec` varchar(7)
,`nama_kec` varchar(30)
,`kddesa` varchar(10)
,`nama_desa` varchar(40)
,`thn_pemilihan` varchar(4)
,`A` decimal(41,0)
,`B` decimal(41,0)
,`C` decimal(41,0)
,`D` decimal(41,0)
,`E` decimal(41,0)
,`dpt_l` int(11)
,`dpt_p` int(11)
,`dpt_jml` int(11)
,`sssah` int(11)
,`sstdksah` int(11)
,`ssrusak` int(11)
,`sstidakterpakai` int(11)
,`suratsuara` int(11)
);

-- --------------------------------------------------------

--
-- Table structure for table `tbl_opd`
--

CREATE TABLE `tbl_opd` (
  `id_opd` int(11) NOT NULL,
  `nama_instansi` varchar(100) CHARACTER SET latin1 DEFAULT NULL,
  `alamat` varchar(100) CHARACTER SET latin1 DEFAULT NULL,
  `telp` varchar(15) CHARACTER SET latin1 DEFAULT NULL
) ENGINE=InnoDB DEFAULT CHARSET=latin1 COLLATE=latin1_general_ci;

--
-- Dumping data for table `tbl_opd`
--

INSERT INTO `tbl_opd` (`id_opd`, `nama_instansi`, `alamat`, `telp`) VALUES
(44, 'Kecamatan Majalengka', NULL, NULL),
(45, 'Kelurahan Majalengka Wetan', NULL, NULL),
(46, 'Kelurahan Majalengka Kulon', NULL, NULL),
(47, 'Kelurahan Babakan Jawa', NULL, NULL),
(48, 'Kelurahan Tonjong', NULL, NULL),
(49, 'Kelurahan Cicurug', NULL, NULL),
(50, 'Kelurahan Tarikolot', NULL, NULL),
(51, 'Kelurahan Cikasarung', NULL, NULL),
(52, 'Kelurahan Munjul', NULL, NULL),
(53, 'Kelurahan Cijati', NULL, NULL),
(54, 'Kelurahan Sindangkasih', NULL, NULL),
(55, 'Kecamatan Panyingkiran', NULL, NULL),
(56, 'Kecamatan Kadipaten', NULL, NULL),
(57, 'Kecamatan Cigasong', NULL, NULL),
(58, 'Kecamatan Jatiwangi', NULL, NULL),
(59, 'Kecamatan Dawuan', NULL, NULL),
(60, 'Kecamatan Palasah', NULL, NULL),
(61, 'Kecamatan Maja', NULL, NULL),
(62, 'Kecamatan Sukahaji', NULL, NULL),
(63, 'Kecamatan Argapura', NULL, NULL),
(64, 'Kecamatan Talaga', NULL, NULL),
(65, 'Kecamatan Cikijing', NULL, NULL),
(66, 'Kecamatan Banjaran', NULL, NULL),
(67, 'Kecamatan Cingambul', NULL, NULL),
(68, 'Kecamatan Bantarujeg', NULL, NULL),
(69, 'Kecamatan Lemahsugih', NULL, NULL),
(70, 'Kecamatan Leuwimunding', NULL, NULL),
(71, 'Kecamatan Rajagaluh', NULL, NULL),
(72, 'Kecamatan Sumberjaya', NULL, NULL),
(73, 'Kecamatan Sindangwangi', NULL, NULL),
(74, 'Kecamatan Jatitujuh', NULL, NULL),
(75, 'Kecamatan Kertajati', NULL, NULL),
(76, 'Kecamatan Ligung', NULL, NULL),
(77, 'Kecamatan Malausma', NULL, NULL),
(78, 'Kecamatan Kasokandel', NULL, NULL),
(79, 'Kecamatan Sindang', NULL, NULL),
(80, 'Sekretariat Daerah', NULL, NULL),
(81, 'Bagian Tapem Sekretariat Daerah', NULL, NULL);

-- --------------------------------------------------------

--
-- Table structure for table `tbl_pekerjaan`
--

CREATE TABLE `tbl_pekerjaan` (
  `id_pekerjaan` int(11) NOT NULL,
  `nama_pekerjaan` varchar(30) NOT NULL
) ENGINE=InnoDB DEFAULT CHARSET=latin1;

--
-- Dumping data for table `tbl_pekerjaan`
--

INSERT INTO `tbl_pekerjaan` (`id_pekerjaan`, `nama_pekerjaan`) VALUES
(1, 'Belum/Tidak Bekerja'),
(2, 'Mengurus Rumah Tangga'),
(3, 'Pelajar/Mahasiswa'),
(4, 'Pensiunan'),
(5, 'Pegawai Negeri Sipil\r\n'),
(6, 'Tentara Nasional Indonesia'),
(7, 'Kepolisian Ri\r\n'),
(8, 'Perdagangan\r\n'),
(9, 'Petani/Pekebun\r\n'),
(10, 'Peternak\r\n'),
(11, 'Nelayan/Perikanan\r\n'),
(12, 'Industri\r\n'),
(13, 'Konstruksi\r\n'),
(14, 'Transportasi\r\n'),
(15, 'Karyawan Swasta'),
(16, 'Karyawan Bumn'),
(17, 'Karyawan Bumd'),
(18, 'Karyawan Honorer'),
(19, 'Buruh Harian Lepas'),
(20, 'Buruh Tani/Perkebunan'),
(21, 'Buruh Nelayan/Perikanan'),
(22, 'Buruh Peternakan'),
(23, 'Pembantu Rumah Tangga'),
(24, 'Tukang Cukur'),
(25, 'Tukang Listrik'),
(26, 'Tukang Batu'),
(27, 'Tukang Kayu'),
(28, 'Tukang Sol Sepatu'),
(29, 'Tukang Las/Pandai Besi'),
(30, 'Tukang Jahit'),
(31, 'Tukang Gigi'),
(32, 'Penata Rias'),
(33, 'Penata Busana'),
(34, 'Penata Rambut'),
(35, 'Mekanik'),
(36, 'Seniman'),
(37, 'Tabib'),
(38, 'Paraji'),
(39, 'Perancang Busana'),
(40, 'Penterjemah'),
(41, 'Imam Mesjid'),
(42, 'Pendeta'),
(43, 'Pastor'),
(44, 'Wartawan'),
(45, 'Ustadz/Mubaligh'),
(46, 'Juru Masak'),
(47, 'Promotor Acara'),
(48, 'Anggota Dpr-Ri'),
(49, 'Anggota Dpd'),
(50, 'Anggota Bpk'),
(51, 'Presiden'),
(52, 'Wakil Presiden'),
(53, 'Anggota Mahkamah Konstitusi'),
(54, 'Anggota Kabinet/Kementerian'),
(55, 'Duta Besar'),
(56, 'Gubernur'),
(57, 'Wakil Gubernur'),
(58, 'Bupati'),
(59, 'Wakil Bupati'),
(60, 'Walikota'),
(61, 'Wakil Walikota'),
(62, 'Anggota Dprd Provinsi'),
(63, 'Anggota Dprd Kabupaten/Kota'),
(64, 'Dosen'),
(65, 'Guru'),
(66, 'Pilot'),
(67, 'Pengacara'),
(68, 'Notaris'),
(69, 'Arsitek'),
(70, 'Akuntan'),
(71, 'Konsultan'),
(72, 'Dokter'),
(73, 'Bidan'),
(74, 'Perawat'),
(75, 'Apoteker'),
(76, 'Psikiater/Psikolog'),
(77, 'Penyiar Televisi'),
(78, 'Penyiar Radio'),
(79, 'Pelaut'),
(80, 'Peneliti'),
(81, 'Sopir'),
(82, 'Pialang'),
(83, 'Paranormal'),
(84, 'Pedagang'),
(85, 'Perangkat Desa'),
(86, 'Kepala Desa'),
(87, 'Biarawati'),
(88, 'Wiraswasta');

-- --------------------------------------------------------

--
-- Table structure for table `tbl_pendidikan`
--

CREATE TABLE `tbl_pendidikan` (
  `id_pendidikan` int(11) NOT NULL,
  `nama_pendidikan` varchar(50) NOT NULL
) ENGINE=InnoDB DEFAULT CHARSET=latin1;

--
-- Dumping data for table `tbl_pendidikan`
--

INSERT INTO `tbl_pendidikan` (`id_pendidikan`, `nama_pendidikan`) VALUES
(1, 'Tidak/Belum Sekolah'),
(2, ' Belum Tamat SD'),
(3, 'SD/Sederajat'),
(4, ' SLTP/Sederajat'),
(5, ' SLTA/Sederajat'),
(6, 'Diploma I/II'),
(7, 'Akademi/Diploma III/S. Muda'),
(8, ' Diploma IV/Strata I'),
(9, ' Strata II'),
(10, ' Strata III');

-- --------------------------------------------------------

--
-- Table structure for table `tbl_role`
--

CREATE TABLE `tbl_role` (
  `id` int(11) NOT NULL,
  `name` varchar(50) NOT NULL,
  `description` text NOT NULL
) ENGINE=InnoDB DEFAULT CHARSET=latin1;

--
-- Dumping data for table `tbl_role`
--

INSERT INTO `tbl_role` (`id`, `name`, `description`) VALUES
(1, 'Administrator', 'Administrator adalah pengelola aplikasi dan merupakan level tertinggi'),
(2, 'Admin Kabupaten', '...'),
(3, 'Operator Kecamatan', '...');

-- --------------------------------------------------------

--
-- Table structure for table `tbl_sessions`
--

CREATE TABLE `tbl_sessions` (
  `id` varchar(128) NOT NULL,
  `ip_address` varchar(45) NOT NULL,
  `timestamp` int(10) UNSIGNED NOT NULL DEFAULT '0',
  `data` blob NOT NULL
) ENGINE=InnoDB DEFAULT CHARSET=latin1;

--
-- Dumping data for table `tbl_sessions`
--

INSERT INTO `tbl_sessions` (`id`, `ip_address`, `timestamp`, `data`) VALUES
('1553astarqcppnbuehuv3eu99f7nfqr2', '127.0.0.1', 1567134842, 0x5f5f63695f6c6173745f726567656e65726174657c693a313536373133343731323b69735f6c6f67696e7c623a313b69647c733a313a2231223b70617373776f72647c733a33323a223566346463633362356161373635643631643833323764656238383263663939223b69645f726f6c657c733a313a2231223b757365726e616d657c733a31333a2241646d696e6973747261746f72223b66697273745f6e616d657c733a31333a2241646d696e6973747261746f72223b6c6173745f6e616d657c733a303a22223b656d61696c7c733a303a22223b70686f6e657c733a303a22223b70686f746f7c733a31353a227468756d625f5f736572342e706e67223b637265617465645f6f6e7c733a31393a22303030302d30302d30302030303a30303a3030223b6c6173745f6c6f67696e7c733a31393a22323031392d30382d32392031323a33313a3530223b69645f6f70647c733a323a223830223b69645f6b61627c733a343a2233323130223b69645f6b65637c733a373a2233323130303730223b6e616d615f6b65637c733a31303a224d616a616c656e676b61223b74686e5f646174617c733a343a2232303139223b7374617475737c733a383a224c6f67656420696e223b69646e79617c733a313a2231223b5f5f63695f766172737c613a313a7b733a373a227365676d656e74223b733a333a226e6577223b7d7365676d656e747c613a323a7b693a303b733a383a2250656e6767756e61223b693a313b733a363a2274616d70696c223b7d),
('qnucpkccfmps0pp0ptaeb5ardiqsnbun', '127.0.0.1', 1567135213, 0x5f5f63695f6c6173745f726567656e65726174657c693a313536373133353230393b69735f6c6f67696e7c623a313b69647c733a313a2231223b70617373776f72647c733a33323a223566346463633362356161373635643631643833323764656238383263663939223b69645f726f6c657c733a313a2231223b757365726e616d657c733a31333a2241646d696e6973747261746f72223b66697273745f6e616d657c733a31333a2241646d696e6973747261746f72223b6c6173745f6e616d657c733a303a22223b656d61696c7c733a303a22223b70686f6e657c733a303a22223b70686f746f7c733a31353a227468756d625f5f736572342e706e67223b637265617465645f6f6e7c733a31393a22303030302d30302d30302030303a30303a3030223b6c6173745f6c6f67696e7c733a31393a22323031392d30382d32392031323a33313a3530223b69645f6f70647c733a323a223830223b69645f6b61627c733a343a2233323130223b69645f6b65637c733a373a2233323130303730223b6e616d615f6b65637c733a31303a224d616a616c656e676b61223b74686e5f646174617c733a343a2232303139223b7374617475737c733a383a224c6f67656420696e223b69646e79617c733a313a2231223b5f5f63695f766172737c613a313a7b733a373a227365676d656e74223b733a333a226e6577223b7d7365676d656e747c613a323a7b693a303b733a373a226c61706f72616e223b693a313b733a383a22636574616b504446223b7d),
('fasdqhsm1s59nde9frfqal84v3k5hl4c', '127.0.0.1', 1567135794, 0x5f5f63695f6c6173745f726567656e65726174657c693a313536373133353531343b69735f6c6f67696e7c623a313b69647c733a313a2231223b70617373776f72647c733a33323a223566346463633362356161373635643631643833323764656238383263663939223b69645f726f6c657c733a313a2231223b757365726e616d657c733a31333a2241646d696e6973747261746f72223b66697273745f6e616d657c733a31333a2241646d696e6973747261746f72223b6c6173745f6e616d657c733a303a22223b656d61696c7c733a303a22223b70686f6e657c733a303a22223b70686f746f7c733a31353a227468756d625f5f736572342e706e67223b637265617465645f6f6e7c733a31393a22303030302d30302d30302030303a30303a3030223b6c6173745f6c6f67696e7c733a31393a22323031392d30382d32392031323a33313a3530223b69645f6f70647c733a323a223830223b69645f6b61627c733a343a2233323130223b69645f6b65637c733a373a2233323130303730223b6e616d615f6b65637c733a31303a224d616a616c656e676b61223b74686e5f646174617c733a343a2232303139223b7374617475737c733a383a224c6f67656420696e223b69646e79617c733a313a2231223b5f5f63695f766172737c613a313a7b733a373a227365676d656e74223b733a333a226e6577223b7d7365676d656e747c613a323a7b693a303b733a373a226c61706f72616e223b693a313b733a383a22636574616b504446223b7d),
('3gf4lml2lr71sgobl05ll336csuhatl3', '127.0.0.1', 1567136132, 0x5f5f63695f6c6173745f726567656e65726174657c693a313536373133353833333b69735f6c6f67696e7c623a313b69647c733a313a2231223b70617373776f72647c733a33323a223566346463633362356161373635643631643833323764656238383263663939223b69645f726f6c657c733a313a2231223b757365726e616d657c733a31333a2241646d696e6973747261746f72223b66697273745f6e616d657c733a31333a2241646d696e6973747261746f72223b6c6173745f6e616d657c733a303a22223b656d61696c7c733a303a22223b70686f6e657c733a303a22223b70686f746f7c733a31353a227468756d625f5f736572342e706e67223b637265617465645f6f6e7c733a31393a22303030302d30302d30302030303a30303a3030223b6c6173745f6c6f67696e7c733a31393a22323031392d30382d32392031323a33313a3530223b69645f6f70647c733a323a223830223b69645f6b61627c733a343a2233323130223b69645f6b65637c733a373a2233323130303730223b6e616d615f6b65637c733a31303a224d616a616c656e676b61223b74686e5f646174617c733a343a2232303139223b7374617475737c733a383a224c6f67656420696e223b69646e79617c733a313a2231223b5f5f63695f766172737c613a313a7b733a373a227365676d656e74223b733a333a226e6577223b7d7365676d656e747c613a323a7b693a303b733a373a226c61706f72616e223b693a313b733a383a22636574616b504446223b7d),
('gv0bnemjnpma504da3r65953i8pmkgmt', '127.0.0.1', 1567136379, 0x5f5f63695f6c6173745f726567656e65726174657c693a313536373133363139313b69735f6c6f67696e7c623a313b69647c733a313a2231223b70617373776f72647c733a33323a223566346463633362356161373635643631643833323764656238383263663939223b69645f726f6c657c733a313a2231223b757365726e616d657c733a31333a2241646d696e6973747261746f72223b66697273745f6e616d657c733a31333a2241646d696e6973747261746f72223b6c6173745f6e616d657c733a303a22223b656d61696c7c733a303a22223b70686f6e657c733a303a22223b70686f746f7c733a31353a227468756d625f5f736572342e706e67223b637265617465645f6f6e7c733a31393a22303030302d30302d30302030303a30303a3030223b6c6173745f6c6f67696e7c733a31393a22323031392d30382d32392031323a33313a3530223b69645f6f70647c733a323a223830223b69645f6b61627c733a343a2233323130223b69645f6b65637c733a373a2233323130303730223b6e616d615f6b65637c733a31303a224d616a616c656e676b61223b74686e5f646174617c733a343a2232303139223b7374617475737c733a383a224c6f67656420696e223b69646e79617c733a313a2231223b5f5f63695f766172737c613a313a7b733a373a227365676d656e74223b733a333a226e6577223b7d7365676d656e747c613a323a7b693a303b733a373a226c61706f72616e223b693a313b733a383a22636574616b504446223b7d),
('gd8567brn1mlv582s22tu385mi46v331', '127.0.0.1', 1567136520, 0x5f5f63695f6c6173745f726567656e65726174657c693a313536373133363439353b69735f6c6f67696e7c623a313b69647c733a313a2231223b70617373776f72647c733a33323a223566346463633362356161373635643631643833323764656238383263663939223b69645f726f6c657c733a313a2231223b757365726e616d657c733a31333a2241646d696e6973747261746f72223b66697273745f6e616d657c733a31333a2241646d696e6973747261746f72223b6c6173745f6e616d657c733a303a22223b656d61696c7c733a303a22223b70686f6e657c733a303a22223b70686f746f7c733a31353a227468756d625f5f736572342e706e67223b637265617465645f6f6e7c733a31393a22303030302d30302d30302030303a30303a3030223b6c6173745f6c6f67696e7c733a31393a22323031392d30382d32392031323a33313a3530223b69645f6f70647c733a323a223830223b69645f6b61627c733a343a2233323130223b69645f6b65637c733a373a2233323130303730223b6e616d615f6b65637c733a31303a224d616a616c656e676b61223b74686e5f646174617c733a343a2232303139223b7374617475737c733a383a224c6f67656420696e223b69646e79617c733a313a2231223b5f5f63695f766172737c613a313a7b733a373a227365676d656e74223b733a333a226e6577223b7d7365676d656e747c613a323a7b693a303b733a373a226c61706f72616e223b693a313b733a383a22636574616b504446223b7d),
('tuq73a171n8927el8oqrc73c3783je1k', '127.0.0.1', 1567137862, 0x5f5f63695f6c6173745f726567656e65726174657c693a313536373133373539393b69735f6c6f67696e7c623a313b69647c733a313a2231223b70617373776f72647c733a33323a223566346463633362356161373635643631643833323764656238383263663939223b69645f726f6c657c733a313a2231223b757365726e616d657c733a31333a2241646d696e6973747261746f72223b66697273745f6e616d657c733a31333a2241646d696e6973747261746f72223b6c6173745f6e616d657c733a303a22223b656d61696c7c733a303a22223b70686f6e657c733a303a22223b70686f746f7c733a31353a227468756d625f5f736572342e706e67223b637265617465645f6f6e7c733a31393a22303030302d30302d30302030303a30303a3030223b6c6173745f6c6f67696e7c733a31393a22323031392d30382d32392031323a33313a3530223b69645f6f70647c733a323a223830223b69645f6b61627c733a343a2233323130223b69645f6b65637c733a373a2233323130303730223b6e616d615f6b65637c733a31303a224d616a616c656e676b61223b74686e5f646174617c733a343a2232303139223b7374617475737c733a383a224c6f67656420696e223b69646e79617c733a313a2231223b5f5f63695f766172737c613a313a7b733a373a227365676d656e74223b733a333a226e6577223b7d7365676d656e747c613a323a7b693a303b733a383a2250656e6767756e61223b693a313b733a363a2274616d70696c223b7d),
('csjeffgeeu30uvuft280gkvetv28glqj', '127.0.0.1', 1567138276, 0x5f5f63695f6c6173745f726567656e65726174657c693a313536373133383235373b69735f6c6f67696e7c623a313b69647c733a323a223339223b70617373776f72647c733a33323a226531376231663537633062633933383566303563386363613632396533373565223b69645f726f6c657c733a313a2233223b757365726e616d657c733a31383a2270696c6b616465735f6a61746977616e6769223b66697273745f6e616d657c733a393a224b6563616d6174616e223b6c6173745f6e616d657c733a393a224a61746977616e6769223b656d61696c7c733a303a22223b70686f6e657c733a303a22223b70686f746f7c733a31353a227468756d625f5f736572372e706e67223b637265617465645f6f6e7c733a31393a22323031392d30352d32322031303a35323a3037223b6c6173745f6c6f67696e7c733a31393a22323031392d30382d32362032313a31373a3530223b69645f6f70647c733a323a223538223b69645f6b61627c733a343a2233323130223b69645f6b65637c733a373a2233323130313430223b6e616d615f6b65637c733a393a224a61746977616e6769223b74686e5f646174617c733a343a2232303139223b7374617475737c733a383a224c6f67656420696e223b69646e79617c733a323a223339223b5f5f63695f766172737c613a313a7b733a373a227365676d656e74223b733a333a226e6577223b7d7365676d656e747c613a323a7b693a303b733a373a226c61706f72616e223b693a313b733a363a226578706f7274223b7d),
('pfesicpcseh34nctrqmmjuk490mjqnmg', '127.0.0.1', 1567140655, 0x5f5f63695f6c6173745f726567656e65726174657c693a313536373134303335393b69735f6c6f67696e7c623a313b69647c733a323a223339223b70617373776f72647c733a33323a226531376231663537633062633933383566303563386363613632396533373565223b69645f726f6c657c733a313a2233223b757365726e616d657c733a31383a2270696c6b616465735f6a61746977616e6769223b66697273745f6e616d657c733a393a224b6563616d6174616e223b6c6173745f6e616d657c733a393a224a61746977616e6769223b656d61696c7c733a303a22223b70686f6e657c733a303a22223b70686f746f7c733a31353a227468756d625f5f736572372e706e67223b637265617465645f6f6e7c733a31393a22323031392d30352d32322031303a35323a3037223b6c6173745f6c6f67696e7c733a31393a22323031392d30382d32362032313a31373a3530223b69645f6f70647c733a323a223538223b69645f6b61627c733a343a2233323130223b69645f6b65637c733a373a2233323130313430223b6e616d615f6b65637c733a393a224a61746977616e6769223b74686e5f646174617c733a343a2232303139223b7374617475737c733a383a224c6f67656420696e223b69646e79617c733a323a223339223b5f5f63695f766172737c613a313a7b733a373a227365676d656e74223b733a333a226e6577223b7d7365676d656e747c613a323a7b693a303b733a383a2250656e6767756e61223b693a313b733a363a2274616d70696c223b7d),
('0pn5picpevn800g0pq549q468k8vn8io', '127.0.0.1', 1567140967, 0x5f5f63695f6c6173745f726567656e65726174657c693a313536373134303637373b69735f6c6f67696e7c623a313b69647c733a323a223339223b70617373776f72647c733a33323a226531376231663537633062633933383566303563386363613632396533373565223b69645f726f6c657c733a313a2233223b757365726e616d657c733a31383a2270696c6b616465735f6a61746977616e6769223b66697273745f6e616d657c733a393a224b6563616d6174616e223b6c6173745f6e616d657c733a393a224a61746977616e6769223b656d61696c7c733a303a22223b70686f6e657c733a303a22223b70686f746f7c733a31353a227468756d625f5f736572372e706e67223b637265617465645f6f6e7c733a31393a22323031392d30352d32322031303a35323a3037223b6c6173745f6c6f67696e7c733a31393a22323031392d30382d32362032313a31373a3530223b69645f6f70647c733a323a223538223b69645f6b61627c733a343a2233323130223b69645f6b65637c733a373a2233323130313430223b6e616d615f6b65637c733a393a224a61746977616e6769223b74686e5f646174617c733a343a2232303139223b7374617475737c733a383a224c6f67656420696e223b69646e79617c733a323a223339223b5f5f63695f766172737c613a313a7b733a373a227365676d656e74223b733a333a226e6577223b7d7365676d656e747c613a323a7b693a303b733a383a2250656e6767756e61223b693a313b733a363a2274616d70696c223b7d),
('ld9moiga8g3nkm6heq5prc32dqrn19ee', '127.0.0.1', 1567141269, 0x5f5f63695f6c6173745f726567656e65726174657c693a313536373134303937383b69735f6c6f67696e7c623a313b69647c733a313a2231223b70617373776f72647c733a33323a223566346463633362356161373635643631643833323764656238383263663939223b69645f726f6c657c733a313a2231223b757365726e616d657c733a31333a2241646d696e6973747261746f72223b66697273745f6e616d657c733a31333a2241646d696e6973747261746f72223b6c6173745f6e616d657c733a303a22223b656d61696c7c733a303a22223b70686f6e657c733a303a22223b70686f746f7c733a31353a227468756d625f5f736572342e706e67223b637265617465645f6f6e7c733a31393a22303030302d30302d30302030303a30303a3030223b6c6173745f6c6f67696e7c733a31393a22323031392d30382d33302031313a31303a3537223b69645f6f70647c733a323a223830223b69645f6b61627c733a343a2233323130223b69645f6b65637c733a373a2233323130303730223b6e616d615f6b65637c733a31303a224d616a616c656e676b61223b74686e5f646174617c733a343a2232303139223b7374617475737c733a383a224c6f67656420696e223b69646e79617c733a313a2231223b5f5f63695f766172737c613a313a7b733a373a227365676d656e74223b733a333a226e6577223b7d7365676d656e747c613a323a7b693a303b733a383a2250656e6767756e61223b693a313b733a363a2274616d70696c223b7d),
('macedojh6jmkoo59o4l0mjocd17hmdhv', '127.0.0.1', 1567141335, 0x5f5f63695f6c6173745f726567656e65726174657c693a313536373134313239313b69735f6c6f67696e7c623a313b69647c733a313a2231223b70617373776f72647c733a33323a223566346463633362356161373635643631643833323764656238383263663939223b69645f726f6c657c733a313a2231223b757365726e616d657c733a31333a2241646d696e6973747261746f72223b66697273745f6e616d657c733a31333a2241646d696e6973747261746f72223b6c6173745f6e616d657c733a303a22223b656d61696c7c733a303a22223b70686f6e657c733a303a22223b70686f746f7c733a31353a227468756d625f5f736572342e706e67223b637265617465645f6f6e7c733a31393a22303030302d30302d30302030303a30303a3030223b6c6173745f6c6f67696e7c733a31393a22323031392d30382d33302031313a31303a3537223b69645f6f70647c733a323a223830223b69645f6b61627c733a343a2233323130223b69645f6b65637c733a373a2233323130303730223b6e616d615f6b65637c733a31303a224d616a616c656e676b61223b74686e5f646174617c733a343a2232303139223b7374617475737c733a383a224c6f67656420696e223b69646e79617c733a313a2231223b5f5f63695f766172737c613a313a7b733a373a227365676d656e74223b733a333a226e6577223b7d7365676d656e747c613a323a7b693a303b733a383a2250656e6767756e61223b693a313b733a363a2274616d70696c223b7d),
('tdd902minltp7l9lj28817dtj8cc404g', '127.0.0.1', 1567141744, 0x5f5f63695f6c6173745f726567656e65726174657c693a313536373134313733323b69735f6c6f67696e7c623a313b69647c733a313a2231223b70617373776f72647c733a33323a223566346463633362356161373635643631643833323764656238383263663939223b69645f726f6c657c733a313a2231223b757365726e616d657c733a31333a2241646d696e6973747261746f72223b66697273745f6e616d657c733a31333a2241646d696e6973747261746f72223b6c6173745f6e616d657c733a303a22223b656d61696c7c733a303a22223b70686f6e657c733a303a22223b70686f746f7c733a31353a227468756d625f5f736572342e706e67223b637265617465645f6f6e7c733a31393a22303030302d30302d30302030303a30303a3030223b6c6173745f6c6f67696e7c733a31393a22323031392d30382d33302031313a31303a3537223b69645f6f70647c733a323a223830223b69645f6b61627c733a343a2233323130223b69645f6b65637c733a373a2233323130303730223b6e616d615f6b65637c733a31303a224d616a616c656e676b61223b74686e5f646174617c733a343a2232303139223b7374617475737c733a383a224c6f67656420696e223b69646e79617c733a313a2231223b5f5f63695f766172737c613a313a7b733a373a227365676d656e74223b733a333a226e6577223b7d7365676d656e747c613a323a7b693a303b733a383a2250656e6767756e61223b693a313b733a363a2274616d70696c223b7d),
('f0270lskod3ia4ml86arnsqrt9e0sj09', '127.0.0.1', 1567147878, 0x5f5f63695f6c6173745f726567656e65726174657c693a313536373134373837373b69735f6c6f67696e7c623a313b69647c733a313a2231223b70617373776f72647c733a33323a223566346463633362356161373635643631643833323764656238383263663939223b69645f726f6c657c733a313a2231223b757365726e616d657c733a31333a2241646d696e6973747261746f72223b66697273745f6e616d657c733a31333a2241646d696e6973747261746f72223b6c6173745f6e616d657c733a303a22223b656d61696c7c733a303a22223b70686f6e657c733a303a22223b70686f746f7c733a31353a227468756d625f5f736572342e706e67223b637265617465645f6f6e7c733a31393a22303030302d30302d30302030303a30303a3030223b6c6173745f6c6f67696e7c733a31393a22323031392d30382d33302031313a31303a3537223b69645f6f70647c733a323a223830223b69645f6b61627c733a343a2233323130223b69645f6b65637c733a373a2233323130303730223b6e616d615f6b65637c733a31303a224d616a616c656e676b61223b74686e5f646174617c733a343a2232303139223b7374617475737c733a383a224c6f67656420696e223b69646e79617c733a313a2231223b5f5f63695f766172737c613a313a7b733a373a227365676d656e74223b733a333a226e6577223b7d7365676d656e747c613a323a7b693a303b733a373a226c61706f72616e223b693a313b733a383a22636574616b504446223b7d),
('mfsio59v3dhuj833ca0v88s92rkc6fk1', '127.0.0.1', 1567158360, 0x5f5f63695f6c6173745f726567656e65726174657c693a313536373135383239373b69735f6c6f67696e7c623a313b69647c733a313a2231223b70617373776f72647c733a33323a223566346463633362356161373635643631643833323764656238383263663939223b69645f726f6c657c733a313a2231223b757365726e616d657c733a31333a2241646d696e6973747261746f72223b66697273745f6e616d657c733a31333a2241646d696e6973747261746f72223b6c6173745f6e616d657c733a303a22223b656d61696c7c733a303a22223b70686f6e657c733a303a22223b70686f746f7c733a31353a227468756d625f5f736572342e706e67223b637265617465645f6f6e7c733a31393a22303030302d30302d30302030303a30303a3030223b6c6173745f6c6f67696e7c733a31393a22323031392d30382d33302031313a31303a3537223b69645f6f70647c733a323a223830223b69645f6b61627c733a343a2233323130223b69645f6b65637c733a373a2233323130303730223b6e616d615f6b65637c733a31303a224d616a616c656e676b61223b74686e5f646174617c733a343a2232303139223b7374617475737c733a383a224c6f67656420696e223b69646e79617c733a313a2231223b5f5f63695f766172737c613a313a7b733a373a227365676d656e74223b733a333a226e6577223b7d7365676d656e747c613a323a7b693a303b733a383a2250656e6767756e61223b693a313b733a363a2274616d70696c223b7d),
('hc2hlp7pkj96up5145o2l193d4davra5', '127.0.0.1', 1567158915, 0x5f5f63695f6c6173745f726567656e65726174657c693a313536373135383734383b69735f6c6f67696e7c623a313b69647c733a313a2231223b70617373776f72647c733a33323a223566346463633362356161373635643631643833323764656238383263663939223b69645f726f6c657c733a313a2231223b757365726e616d657c733a31333a2241646d696e6973747261746f72223b66697273745f6e616d657c733a31333a2241646d696e6973747261746f72223b6c6173745f6e616d657c733a303a22223b656d61696c7c733a303a22223b70686f6e657c733a303a22223b70686f746f7c733a31353a227468756d625f5f736572342e706e67223b637265617465645f6f6e7c733a31393a22303030302d30302d30302030303a30303a3030223b6c6173745f6c6f67696e7c733a31393a22323031392d30382d33302031313a31303a3537223b69645f6f70647c733a323a223830223b69645f6b61627c733a343a2233323130223b69645f6b65637c733a373a2233323130303730223b6e616d615f6b65637c733a31303a224d616a616c656e676b61223b74686e5f646174617c733a343a2232303139223b7374617475737c733a383a224c6f67656420696e223b69646e79617c733a313a2231223b5f5f63695f766172737c613a313a7b733a373a227365676d656e74223b733a333a226e6577223b7d7365676d656e747c613a323a7b693a303b733a383a2250656e6767756e61223b693a313b733a363a2274616d70696c223b7d),
('ksv0fubto1g460evne1dtd5bfuobpq0u', '127.0.0.1', 1567159352, 0x5f5f63695f6c6173745f726567656e65726174657c693a313536373135393036333b69735f6c6f67696e7c623a313b69647c733a313a2231223b70617373776f72647c733a33323a223566346463633362356161373635643631643833323764656238383263663939223b69645f726f6c657c733a313a2231223b757365726e616d657c733a31333a2241646d696e6973747261746f72223b66697273745f6e616d657c733a31333a2241646d696e6973747261746f72223b6c6173745f6e616d657c733a303a22223b656d61696c7c733a303a22223b70686f6e657c733a303a22223b70686f746f7c733a31353a227468756d625f5f736572342e706e67223b637265617465645f6f6e7c733a31393a22303030302d30302d30302030303a30303a3030223b6c6173745f6c6f67696e7c733a31393a22323031392d30382d33302031313a31303a3537223b69645f6f70647c733a323a223830223b69645f6b61627c733a343a2233323130223b69645f6b65637c733a373a2233323130303730223b6e616d615f6b65637c733a31303a224d616a616c656e676b61223b74686e5f646174617c733a343a2232303139223b7374617475737c733a383a224c6f67656420696e223b69646e79617c733a313a2231223b5f5f63695f766172737c613a313a7b733a373a227365676d656e74223b733a333a226e6577223b7d7365676d656e747c613a323a7b693a303b733a373a226c61706f72616e223b693a313b733a383a22636574616b504446223b7d),
('32hvi168j4efkhtvoqll8oeipjgj5tr5', '127.0.0.1', 1567159877, 0x5f5f63695f6c6173745f726567656e65726174657c693a313536373135393633363b69735f6c6f67696e7c623a313b69647c733a313a2231223b70617373776f72647c733a33323a223566346463633362356161373635643631643833323764656238383263663939223b69645f726f6c657c733a313a2231223b757365726e616d657c733a31333a2241646d696e6973747261746f72223b66697273745f6e616d657c733a31333a2241646d696e6973747261746f72223b6c6173745f6e616d657c733a303a22223b656d61696c7c733a303a22223b70686f6e657c733a303a22223b70686f746f7c733a31353a227468756d625f5f736572342e706e67223b637265617465645f6f6e7c733a31393a22303030302d30302d30302030303a30303a3030223b6c6173745f6c6f67696e7c733a31393a22323031392d30382d33302031313a31303a3537223b69645f6f70647c733a323a223830223b69645f6b61627c733a343a2233323130223b69645f6b65637c733a373a2233323130303730223b6e616d615f6b65637c733a31303a224d616a616c656e676b61223b74686e5f646174617c733a343a2232303139223b7374617475737c733a383a224c6f67656420696e223b69646e79617c733a313a2231223b5f5f63695f766172737c613a313a7b733a373a227365676d656e74223b733a333a226e6577223b7d7365676d656e747c613a323a7b693a303b733a383a2250656e6767756e61223b693a313b733a363a2274616d70696c223b7d),
('nvvol0alk82sknpc1sl9esusadnnq64g', '127.0.0.1', 1567160248, 0x5f5f63695f6c6173745f726567656e65726174657c693a313536373135393934373b69735f6c6f67696e7c623a313b69647c733a313a2231223b70617373776f72647c733a33323a223566346463633362356161373635643631643833323764656238383263663939223b69645f726f6c657c733a313a2231223b757365726e616d657c733a31333a2241646d696e6973747261746f72223b66697273745f6e616d657c733a31333a2241646d696e6973747261746f72223b6c6173745f6e616d657c733a303a22223b656d61696c7c733a303a22223b70686f6e657c733a303a22223b70686f746f7c733a31353a227468756d625f5f736572342e706e67223b637265617465645f6f6e7c733a31393a22303030302d30302d30302030303a30303a3030223b6c6173745f6c6f67696e7c733a31393a22323031392d30382d33302031313a31303a3537223b69645f6f70647c733a323a223830223b69645f6b61627c733a343a2233323130223b69645f6b65637c733a373a2233323130303730223b6e616d615f6b65637c733a31303a224d616a616c656e676b61223b74686e5f646174617c733a343a2232303139223b7374617475737c733a383a224c6f67656420696e223b69646e79617c733a313a2231223b5f5f63695f766172737c613a313a7b733a373a227365676d656e74223b733a333a226e6577223b7d7365676d656e747c613a323a7b693a303b733a383a2250656e6767756e61223b693a313b733a363a2274616d70696c223b7d),
('fvoapd29ndgcqnd683hg970vmfdnvrkf', '127.0.0.1', 1567160284, 0x5f5f63695f6c6173745f726567656e65726174657c693a313536373136303235303b69735f6c6f67696e7c623a313b69647c733a313a2231223b70617373776f72647c733a33323a223566346463633362356161373635643631643833323764656238383263663939223b69645f726f6c657c733a313a2231223b757365726e616d657c733a31333a2241646d696e6973747261746f72223b66697273745f6e616d657c733a31333a2241646d696e6973747261746f72223b6c6173745f6e616d657c733a303a22223b656d61696c7c733a303a22223b70686f6e657c733a303a22223b70686f746f7c733a31353a227468756d625f5f736572342e706e67223b637265617465645f6f6e7c733a31393a22303030302d30302d30302030303a30303a3030223b6c6173745f6c6f67696e7c733a31393a22323031392d30382d33302031313a31303a3537223b69645f6f70647c733a323a223830223b69645f6b61627c733a343a2233323130223b69645f6b65637c733a373a2233323130303730223b6e616d615f6b65637c733a31303a224d616a616c656e676b61223b74686e5f646174617c733a343a2232303139223b7374617475737c733a383a224c6f67656420696e223b69646e79617c733a313a2231223b5f5f63695f766172737c613a313a7b733a373a227365676d656e74223b733a333a226e6577223b7d7365676d656e747c613a323a7b693a303b733a383a2250656e6767756e61223b693a313b733a363a2274616d70696c223b7d),
('lsb8eif8c80mval32dg0766k9ghd4dq4', '127.0.0.1', 1567160903, 0x5f5f63695f6c6173745f726567656e65726174657c693a313536373136303838383b69735f6c6f67696e7c623a313b69647c733a313a2231223b70617373776f72647c733a33323a223566346463633362356161373635643631643833323764656238383263663939223b69645f726f6c657c733a313a2231223b757365726e616d657c733a31333a2241646d696e6973747261746f72223b66697273745f6e616d657c733a31333a2241646d696e6973747261746f72223b6c6173745f6e616d657c733a303a22223b656d61696c7c733a303a22223b70686f6e657c733a303a22223b70686f746f7c733a31353a227468756d625f5f736572342e706e67223b637265617465645f6f6e7c733a31393a22303030302d30302d30302030303a30303a3030223b6c6173745f6c6f67696e7c733a31393a22323031392d30382d33302031313a31303a3537223b69645f6f70647c733a323a223830223b69645f6b61627c733a343a2233323130223b69645f6b65637c733a373a2233323130303730223b6e616d615f6b65637c733a31303a224d616a616c656e676b61223b74686e5f646174617c733a343a2232303139223b7374617475737c733a383a224c6f67656420696e223b69646e79617c733a313a2231223b5f5f63695f766172737c613a313a7b733a373a227365676d656e74223b733a333a226e6577223b7d7365676d656e747c613a323a7b693a303b733a383a2250656e6767756e61223b693a313b733a363a2274616d70696c223b7d),
('tn5u4712d8ffbmmno9a0cgrdbcvo1sf2', '127.0.0.1', 1567161378, 0x5f5f63695f6c6173745f726567656e65726174657c693a313536373136313234313b69735f6c6f67696e7c623a313b69647c733a313a2231223b70617373776f72647c733a33323a223566346463633362356161373635643631643833323764656238383263663939223b69645f726f6c657c733a313a2231223b757365726e616d657c733a31333a2241646d696e6973747261746f72223b66697273745f6e616d657c733a31333a2241646d696e6973747261746f72223b6c6173745f6e616d657c733a303a22223b656d61696c7c733a303a22223b70686f6e657c733a303a22223b70686f746f7c733a31353a227468756d625f5f736572342e706e67223b637265617465645f6f6e7c733a31393a22303030302d30302d30302030303a30303a3030223b6c6173745f6c6f67696e7c733a31393a22323031392d30382d33302031313a31303a3537223b69645f6f70647c733a323a223830223b69645f6b61627c733a343a2233323130223b69645f6b65637c733a373a2233323130303730223b6e616d615f6b65637c733a31303a224d616a616c656e676b61223b74686e5f646174617c733a343a2232303139223b7374617475737c733a383a224c6f67656420696e223b69646e79617c733a313a2231223b5f5f63695f766172737c613a313a7b733a373a227365676d656e74223b733a333a226e6577223b7d7365676d656e747c613a323a7b693a303b733a373a226c61706f72616e223b693a313b733a383a22636574616b504446223b7d),
('9tkpipmai233fr94r4v5tjn3e9gemafg', '127.0.0.1', 1567165261, 0x5f5f63695f6c6173745f726567656e65726174657c693a313536373136343937313b69735f6c6f67696e7c623a313b69647c733a313a2231223b70617373776f72647c733a33323a223566346463633362356161373635643631643833323764656238383263663939223b69645f726f6c657c733a313a2231223b757365726e616d657c733a31333a2241646d696e6973747261746f72223b66697273745f6e616d657c733a31333a2241646d696e6973747261746f72223b6c6173745f6e616d657c733a303a22223b656d61696c7c733a303a22223b70686f6e657c733a303a22223b70686f746f7c733a31353a227468756d625f5f736572342e706e67223b637265617465645f6f6e7c733a31393a22303030302d30302d30302030303a30303a3030223b6c6173745f6c6f67696e7c733a31393a22323031392d30382d33302031313a31303a3537223b69645f6f70647c733a323a223830223b69645f6b61627c733a343a2233323130223b69645f6b65637c733a373a2233323130303730223b6e616d615f6b65637c733a31303a224d616a616c656e676b61223b74686e5f646174617c733a343a2232303139223b7374617475737c733a383a224c6f67656420696e223b69646e79617c733a313a2231223b5f5f63695f766172737c613a313a7b733a373a227365676d656e74223b733a333a226e6577223b7d7365676d656e747c613a323a7b693a303b733a383a2250656e6767756e61223b693a313b733a363a2274616d70696c223b7d),
('f87thl0c7nie8m6fm1e244irrm5vp9jm', '127.0.0.1', 1567165301, 0x5f5f63695f6c6173745f726567656e65726174657c693a313536373136353237353b69735f6c6f67696e7c623a313b69647c733a313a2231223b70617373776f72647c733a33323a223566346463633362356161373635643631643833323764656238383263663939223b69645f726f6c657c733a313a2231223b757365726e616d657c733a31333a2241646d696e6973747261746f72223b66697273745f6e616d657c733a31333a2241646d696e6973747261746f72223b6c6173745f6e616d657c733a303a22223b656d61696c7c733a303a22223b70686f6e657c733a303a22223b70686f746f7c733a31353a227468756d625f5f736572342e706e67223b637265617465645f6f6e7c733a31393a22303030302d30302d30302030303a30303a3030223b6c6173745f6c6f67696e7c733a31393a22323031392d30382d33302031313a31303a3537223b69645f6f70647c733a323a223830223b69645f6b61627c733a343a2233323130223b69645f6b65637c733a373a2233323130303730223b6e616d615f6b65637c733a31303a224d616a616c656e676b61223b74686e5f646174617c733a343a2232303139223b7374617475737c733a383a224c6f67656420696e223b69646e79617c733a313a2231223b5f5f63695f766172737c613a313a7b733a373a227365676d656e74223b733a333a226e6577223b7d7365676d656e747c613a323a7b693a303b733a383a2250656e6767756e61223b693a313b733a363a2274616d70696c223b7d),
('ejgmr7hphs807ogtsgjm4fqic2fc551v', '127.0.0.1', 1567166051, 0x5f5f63695f6c6173745f726567656e65726174657c693a313536373136353933353b69735f6c6f67696e7c623a313b69647c733a313a2231223b70617373776f72647c733a33323a223566346463633362356161373635643631643833323764656238383263663939223b69645f726f6c657c733a313a2231223b757365726e616d657c733a31333a2241646d696e6973747261746f72223b66697273745f6e616d657c733a31333a2241646d696e6973747261746f72223b6c6173745f6e616d657c733a303a22223b656d61696c7c733a303a22223b70686f6e657c733a303a22223b70686f746f7c733a31353a227468756d625f5f736572342e706e67223b637265617465645f6f6e7c733a31393a22303030302d30302d30302030303a30303a3030223b6c6173745f6c6f67696e7c733a31393a22323031392d30382d33302031313a31303a3537223b69645f6f70647c733a323a223830223b69645f6b61627c733a343a2233323130223b69645f6b65637c733a373a2233323130303730223b6e616d615f6b65637c733a31303a224d616a616c656e676b61223b74686e5f646174617c733a343a2232303139223b7374617475737c733a383a224c6f67656420696e223b69646e79617c733a313a2231223b5f5f63695f766172737c613a313a7b733a373a227365676d656e74223b733a333a226e6577223b7d7365676d656e747c613a323a7b693a303b733a383a2250656e6767756e61223b693a313b733a363a2274616d70696c223b7d),
('t14fv62kfqjibteftiorrmrfvuksr8ro', '127.0.0.1', 1567166099, 0x5f5f63695f6c6173745f726567656e65726174657c693a313536373136363039393b7365676d656e747c613a333a7b693a303b733a353a2272656b6170223b693a313b733a31303a2264657461696c64657361223b693a323b733a31303a2233323130313030303132223b7d5f5f63695f766172737c613a313a7b733a373a227365676d656e74223b733a333a226e6577223b7d),
('t5m9pqbgfk354mp4jp12hr3vautuppn2', '127.0.0.1', 1567166099, 0x5f5f63695f6c6173745f726567656e65726174657c693a313536373136363039393b),
('gj5d34v45fa75cnj9pa2s6kgfj8d9h9m', '127.0.0.1', 1567166101, 0x7365676d656e747c613a323a7b693a303b733a383a2250656e6767756e61223b693a313b733a363a2274616d70696c223b7d5f5f63695f766172737c613a313a7b733a373a227365676d656e74223b733a333a226e6577223b7d),
('2ttl453kl7jb4fnfasturj3i0d4osl67', '127.0.0.1', 1567166101, '');

-- --------------------------------------------------------

--
-- Table structure for table `tbl_transaksi`
--

CREATE TABLE `tbl_transaksi` (
  `id` int(11) NOT NULL,
  `tahap` varchar(150) NOT NULL,
  `stat` char(1) NOT NULL,
  `tgl_awal` datetime NOT NULL,
  `tgl_akhir` datetime NOT NULL,
  `ket` text NOT NULL
) ENGINE=InnoDB DEFAULT CHARSET=latin1;

--
-- Dumping data for table `tbl_transaksi`
--

INSERT INTO `tbl_transaksi` (`id`, `tahap`, `stat`, `tgl_awal`, `tgl_akhir`, `ket`) VALUES
(1, 'Pengelolaan Data Pokok/DPT', '1', '2019-08-01 01:00:00', '2019-09-06 12:45:00', 'Siap grak! uhuyyyy'),
(2, 'Pengelolaan Data Calon Kepala Desa', '0', '2019-09-06 01:15:00', '2019-09-10 12:45:00', 'test aslina'),
(3, 'Input Hasil Pemilihan', '0', '2019-08-02 00:00:00', '2019-09-06 10:30:00', '');

-- --------------------------------------------------------

--
-- Table structure for table `tbl_user`
--

CREATE TABLE `tbl_user` (
  `id` int(11) NOT NULL,
  `id_role` int(11) NOT NULL,
  `username` varchar(100) NOT NULL,
  `password` varchar(255) NOT NULL,
  `first_name` varchar(50) NOT NULL,
  `last_name` varchar(50) NOT NULL,
  `email` varchar(254) NOT NULL,
  `phone` varchar(12) NOT NULL,
  `photo` varchar(255) NOT NULL,
  `activation_code` varchar(50) NOT NULL,
  `forgotten_password_code` varchar(50) NOT NULL,
  `forgotten_password_time` datetime NOT NULL,
  `remember_code` varchar(50) NOT NULL,
  `created_on` datetime NOT NULL DEFAULT CURRENT_TIMESTAMP,
  `last_login` datetime NOT NULL,
  `active` enum('Y','N') NOT NULL DEFAULT 'Y',
  `id_opd` int(1) NOT NULL,
  `id_kab` varchar(4) NOT NULL,
  `id_kec` varchar(7) NOT NULL
) ENGINE=InnoDB DEFAULT CHARSET=latin1;

--
-- Dumping data for table `tbl_user`
--

INSERT INTO `tbl_user` (`id`, `id_role`, `username`, `password`, `first_name`, `last_name`, `email`, `phone`, `photo`, `activation_code`, `forgotten_password_code`, `forgotten_password_time`, `remember_code`, `created_on`, `last_login`, `active`, `id_opd`, `id_kab`, `id_kec`) VALUES
(1, 1, 'Administrator', '5f4dcc3b5aa765d61d8327deb882cf99', 'Administrator', '', '', '', 'thumb__ser4.png', '', '', '0000-00-00 00:00:00', '', '0000-00-00 00:00:00', '2019-08-30 11:10:57', 'Y', 80, '3210', '3210070'),
(31, 3, 'pilkades_argapura', '1e302f96aa4cf9e25c203229330cbb9d', 'Kecamatan', 'Argapura', '', '', 'gbr1asset321.png', '', '', '0000-00-00 00:00:00', '', '2019-05-22 10:43:11', '2019-06-22 09:37:19', 'Y', 0, '3210', '3210050'),
(32, 3, 'pilkades_banjaran', '010289955b37296e5ef272da32600229', 'Kecamatan', 'Banjaran', '', '', 'avatar52.png', '', '', '0000-00-00 00:00:00', '', '2019-05-22 10:45:45', '2019-08-09 04:43:33', 'Y', 0, '3210', '3210041'),
(33, 3, 'pilkades_bantarujeg', '80da36294de431519a2e6052715f42a3', 'Kecamatan', 'Bantarujeg', '', '', '', '', '', '0000-00-00 00:00:00', '', '2019-05-22 10:46:22', '0000-00-00 00:00:00', 'Y', 0, '3210', '3210020'),
(34, 3, 'pilkades_cigasong', '2c1c45447ce2c5926994f4017de80fc3', 'Kecamatan', 'Cigasong', '', '', '', '', '', '0000-00-00 00:00:00', '', '2019-05-22 10:47:25', '0000-00-00 00:00:00', 'Y', 57, '3210', '3210080'),
(35, 3, 'pilkades_cikijing', 'd81756ce9f959a114ea20c39cdf235a6', 'Kecamatan', 'Cikijing', '', '', '', '', '', '0000-00-00 00:00:00', '', '2019-05-22 10:48:02', '2019-06-20 10:09:16', 'Y', 0, '3210', '3210030'),
(36, 3, 'pilkades_cingambul', '8ddf9042a4b6eec03e0898463de7ed5e', 'Kecamatan', 'Cingambul', '', '', '', '', '', '0000-00-00 00:00:00', '', '2019-05-22 10:48:33', '0000-00-00 00:00:00', 'Y', 67, '3210', '3210031'),
(37, 3, 'pilkades_dawuan', 'acafae291e491f779312d76f546e6af7', 'Kecamatan', 'Dawuan', '', '', '', '', '', '0000-00-00 00:00:00', '', '2019-05-22 10:51:09', '0000-00-00 00:00:00', 'Y', 59, '3210', '3210150'),
(38, 3, 'pilkades_jatitujuh', '784f2518367873f24ca7e78c97a27608', 'Kecamatan', 'Jatitujuh', '', '', '', '', '', '0000-00-00 00:00:00', '', '2019-05-22 10:51:37', '0000-00-00 00:00:00', 'Y', 74, '3210', '3210190'),
(39, 3, 'pilkades_jatiwangi', 'e17b1f57c0bc9385f05c8cca629e375e', 'Kecamatan', 'Jatiwangi', '', '', 'thumb__ser7.png', '', '', '0000-00-00 00:00:00', '', '2019-05-22 10:52:07', '2019-08-30 11:56:18', 'Y', 58, '3210', '3210140'),
(40, 3, 'pilkades_kadipaten', 'eb3055fe922d21e0cf5afff785e92b9f', 'Kecamatan', 'Kadipaten', '', '', '', '', '', '0000-00-00 00:00:00', '', '2019-05-22 10:52:32', '0000-00-00 00:00:00', 'Y', 56, '3210', '3210170'),
(41, 3, 'pilkades_kasokandel', 'aabd67ca08d25d14172683262ca13856', 'Kecamatan', 'Kasokandel', '', '', '', '', '', '0000-00-00 00:00:00', '', '2019-05-22 10:52:58', '0000-00-00 00:00:00', 'Y', 78, '3210', '3210151'),
(42, 3, 'pilkades_kertajati', 'c1a31edcbc003e9c07e0095d7c4b6174', 'Kecamatan', 'Kertajati', '', '', '', '', '', '0000-00-00 00:00:00', '', '2019-05-22 10:53:20', '0000-00-00 00:00:00', 'Y', 75, '3210', '3210180'),
(43, 3, 'pilkades_lemahsugih', 'fc4ed5b95c33cc13d637c7d56cc9e6dc', 'Kecamatan', 'Lemahsugih', '', '', '', '', '', '0000-00-00 00:00:00', '', '2019-05-22 10:53:46', '2019-08-27 21:02:32', 'Y', 69, '3210', '3210010'),
(44, 3, 'pilkades_leuwimunding', 'c5e3ea484084b4b0dad319956a43f2e5', 'Kecamatan', 'Leuwimunding', '', '', '', '', '', '0000-00-00 00:00:00', '', '2019-05-22 10:54:12', '0000-00-00 00:00:00', 'Y', 70, '', ''),
(45, 3, 'pilkades_ligung', 'dfa958219fab87d7a96b4eee6734634c', 'Kecamatan', 'Ligung', '', '', '', '', '', '0000-00-00 00:00:00', '', '2019-05-22 10:54:28', '0000-00-00 00:00:00', 'Y', 76, '3210', '3210200'),
(46, 3, 'pilkades_maja', 'd855db9851db7dfa20b86d44dd2c753a', 'Kecamatan', 'Maja', '', '', '', '', '', '0000-00-00 00:00:00', '', '2019-05-22 10:54:50', '0000-00-00 00:00:00', 'Y', 61, '', ''),
(47, 3, 'pilkades_majalengka', 'ce5318e587efe6fcf9303a813da38649', 'Kecamatan', 'Majalengka', '', '', '', '', '', '0000-00-00 00:00:00', '', '2019-05-22 10:55:18', '0000-00-00 00:00:00', 'Y', 44, '', ''),
(48, 3, 'pilkades_malausma', 'e7a30c263315997503d413e15ca72a61', 'Kecamatan', 'Malausma', '', '', '', '', '', '0000-00-00 00:00:00', '', '2019-05-22 10:55:52', '0000-00-00 00:00:00', 'Y', 77, '', ''),
(49, 3, 'pilkades_palasah', '2d4959a7ff1c4c9d86dca2397cdb1807', 'Kecamatan', 'Palasah', '', '', '', '', '', '0000-00-00 00:00:00', '', '2019-05-22 10:56:13', '0000-00-00 00:00:00', 'Y', 60, '', ''),
(50, 3, 'pilkades_panyingkiran', 'b638792aafc99c49d1853126a99637f8', 'Kecamatan', 'Panyingkiran', '', '', '', '', '', '0000-00-00 00:00:00', '', '2019-05-22 10:56:39', '0000-00-00 00:00:00', 'Y', 55, '', ''),
(51, 3, 'pilkades_rajagaluh', '713f2585069c7ce3947017b6182ccb62', 'Kecamatan', 'Rajagaluh', '', '', '', '', '', '0000-00-00 00:00:00', '', '2019-05-22 10:57:02', '2019-08-25 07:24:43', 'Y', 71, '3210', '3210100'),
(52, 3, 'pilkades_sindang', '851113f4dbfb3461a10c9eb59f79f85d', 'Kecamatan', 'Sindang', '', '', '', '', '', '0000-00-00 00:00:00', '', '2019-05-22 10:57:27', '0000-00-00 00:00:00', 'Y', 79, '', ''),
(53, 3, 'pilkades_sindangwangi', '0b1cc918a9ae19dd439a1a3ac816084d', 'Kecamatan', 'Sindangwangi', '', '', '', '', '', '0000-00-00 00:00:00', '', '2019-05-22 10:58:00', '0000-00-00 00:00:00', 'Y', 73, '', ''),
(54, 3, 'pilkades_sukahaji', '48b8e56331a9c4e9822d5c01a83713cd', 'Kecamatan', 'Sukahaji', '', '', '', '', '', '0000-00-00 00:00:00', '', '2019-05-22 10:58:17', '0000-00-00 00:00:00', 'Y', 62, '', ''),
(55, 3, 'pilkades_sumberjaya', '3c0675cbeae8bc4f51678151957875cd', 'Kecamatan', 'Sumberjaya', '', '', '', '', '', '0000-00-00 00:00:00', '', '2019-05-22 10:58:41', '0000-00-00 00:00:00', 'Y', 72, '', ''),
(56, 3, 'pilkades_talaga', 'fbc81d55e09fb426f2f2ca45562bc3fb', 'Kecamatan', 'Talaga', '', '', '', '', '', '0000-00-00 00:00:00', '', '2019-05-22 10:59:08', '0000-00-00 00:00:00', 'Y', 64, '', ''),
(57, 2, 'pilkades_tapem', 'd374eed51672f2f378973007ad0d6081', 'Admin', 'Tapem', '', '', '', '', '', '0000-00-00 00:00:00', '', '2019-05-22 11:01:12', '2019-08-09 08:59:25', 'Y', 80, '3210', '3210070');

-- --------------------------------------------------------

--
-- Table structure for table `tbl_wdesa`
--

CREATE TABLE `tbl_wdesa` (
  `id_desa` varchar(10) NOT NULL,
  `kecamatan_id` varchar(7) DEFAULT NULL,
  `nama_desa` varchar(40) DEFAULT NULL
) ENGINE=InnoDB DEFAULT CHARSET=latin1 ROW_FORMAT=COMPACT;

--
-- Dumping data for table `tbl_wdesa`
--

INSERT INTO `tbl_wdesa` (`id_desa`, `kecamatan_id`, `nama_desa`) VALUES
('3210010001', '3210010', 'Cipasung'),
('3210010002', '3210010', 'Borogojol'),
('3210010003', '3210010', 'Bangbayang'),
('3210010004', '3210010', 'Cibulan'),
('3210010005', '3210010', 'Lemah Putih'),
('3210010006', '3210010', 'Sadawangi'),
('3210010007', '3210010', 'Margajaya'),
('3210010008', '3210010', 'Kalapadua'),
('3210010009', '3210010', 'Cigaleuh'),
('3210010010', '3210010', 'Mekarmulya'),
('3210010011', '3210010', 'Sinargalih'),
('3210010012', '3210010', 'Padarek'),
('3210010013', '3210010', 'Sukajadi'),
('3210010014', '3210010', 'Kepuh'),
('3210010015', '3210010', 'Mekar Wangi'),
('3210010016', '3210010', 'Sukamaju'),
('3210010017', '3210010', 'Lemahsugih'),
('3210010018', '3210010', 'Dayeuhwangi'),
('3210010019', '3210010', 'Cisalak'),
('3210020009', '3210020', 'Sindanghurip'),
('3210020010', '3210020', 'Cipeundeuy'),
('3210020012', '3210020', 'Cimangguhilir'),
('3210020013', '3210020', 'Salawangi'),
('3210020014', '3210020', 'Silihwangi'),
('3210020015', '3210020', 'Wadowetan'),
('3210020016', '3210020', 'Bantarujeg'),
('3210020017', '3210020', 'Babakansari'),
('3210020018', '3210020', 'Gununglarang'),
('3210020019', '3210020', 'Cikidang'),
('3210020020', '3210020', 'Cinambo'),
('3210020021', '3210020', 'Haurgeulis'),
('3210020022', '3210020', 'Sukamenak'),
('3210021001', '3210021', 'Buninagara'),
('3210021002', '3210021', 'Werasari'),
('3210021003', '3210021', 'Malausma'),
('3210021004', '3210021', 'Banyusari'),
('3210021005', '3210021', 'Jagamulya'),
('3210021006', '3210021', 'Cimuncang'),
('3210021007', '3210021', 'Ciranca'),
('3210021008', '3210021', 'Lebakwangi'),
('3210021009', '3210021', 'Sukadana'),
('3210021010', '3210021', 'Girimukti'),
('3210021011', '3210021', 'Kramatraya'),
('3210030014', '3210030', 'Cisoka'),
('3210030015', '3210030', 'Sindangpanji'),
('3210030016', '3210030', 'Cikijing'),
('3210030017', '3210030', 'Cidulang'),
('3210030018', '3210030', 'Sukamukti'),
('3210030019', '3210030', 'Kasturi'),
('3210030020', '3210030', 'Banjaransari'),
('3210030021', '3210030', 'Sindang'),
('3210030022', '3210030', 'Sukasari'),
('3210030023', '3210030', 'Sunalari'),
('3210030024', '3210030', 'Bagjasari'),
('3210030025', '3210030', 'Jagasari'),
('3210030026', '3210030', 'Cilangcang'),
('3210030027', '3210030', 'Kancana'),
('3210030028', '3210030', 'Cipulus'),
('3210031001', '3210031', 'Sedaraja'),
('3210031002', '3210031', 'Cintaasih'),
('3210031003', '3210031', 'Cidadap'),
('3210031004', '3210031', 'Maniis'),
('3210031005', '3210031', 'Rawa'),
('3210031006', '3210031', 'Nagarakembang'),
('3210031007', '3210031', 'Wangkelang'),
('3210031008', '3210031', 'Cimanggugirang'),
('3210031009', '3210031', 'Ciranjeng'),
('3210031010', '3210031', 'Cingambul'),
('3210031011', '3210031', 'Muktisari'),
('3210031012', '3210031', 'Cikondang'),
('3210031013', '3210031', 'Kondangmekar'),
('3210040001', '3210040', 'Margamukti'),
('3210040002', '3210040', 'Cibeureum'),
('3210040003', '3210040', 'Cikeusal'),
('3210040004', '3210040', 'Jatipamor'),
('3210040005', '3210040', 'Cicanir'),
('3210040006', '3210040', 'Campaga'),
('3210040007', '3210040', 'Lampuyang'),
('3210040008', '3210040', 'Mekarraharja'),
('3210040009', '3210040', 'Talagakulon'),
('3210040010', '3210040', 'Talagawetan'),
('3210040011', '3210040', 'Salado'),
('3210040012', '3210040', 'Argasari'),
('3210040013', '3210040', 'Gunungmanik'),
('3210040014', '3210040', 'Ganeas'),
('3210040015', '3210040', 'Sukaperna'),
('3210040016', '3210040', 'Kertarahayu'),
('3210040017', '3210040', 'Mekarhurip'),
('3210041001', '3210041', 'Genteng'),
('3210041002', '3210041', 'Hegarmanah'),
('3210041003', '3210041', 'Sindangpala'),
('3210041004', '3210041', 'Darmalarang'),
('3210041005', '3210041', 'Suniabaru'),
('3210041006', '3210041', 'Sangiang'),
('3210041007', '3210041', 'Sunia'),
('3210041008', '3210041', 'Kareo'),
('3210041009', '3210041', 'Banjaran'),
('3210041010', '3210041', 'Kagok'),
('3210041011', '3210041', 'Cimeong'),
('3210041012', '3210041', 'Panyindangan'),
('3210041013', '3210041', 'Girimulya'),
('3210050001', '3210050', 'Sagara'),
('3210050002', '3210050', 'Cibunut'),
('3210050003', '3210050', 'Tejamulya'),
('3210050004', '3210050', 'Sukasari Kidul'),
('3210050005', '3210050', 'Sukasari Kaler'),
('3210050006', '3210050', 'Sadasari'),
('3210050007', '3210050', 'Sukadana'),
('3210050008', '3210050', 'Argamukti'),
('3210050009', '3210050', 'Argalingga'),
('3210050010', '3210050', 'Haurseah'),
('3210050011', '3210050', 'Gunungwangi'),
('3210050012', '3210050', 'Mekarwangi'),
('3210050013', '3210050', 'Heubeulisuk'),
('3210050014', '3210050', 'Cikaracak'),
('3210060001', '3210060', 'Cihaur'),
('3210060002', '3210060', 'Wanahayu'),
('3210060003', '3210060', 'Cengal'),
('3210060004', '3210060', 'Anggrawati'),
('3210060005', '3210060', 'Cipicung'),
('3210060006', '3210060', 'Malongpong'),
('3210060007', '3210060', 'Tegalsari'),
('3210060008', '3210060', 'Maja Selatan'),
('3210060009', '3210060', 'Maja Utara'),
('3210060010', '3210060', 'Pasanggrahan'),
('3210060011', '3210060', 'Cieurih'),
('3210060012', '3210060', 'Kertabasuki'),
('3210060013', '3210060', 'Sindangkerta'),
('3210060014', '3210060', 'Banjaran'),
('3210060015', '3210060', 'Paniis'),
('3210060016', '3210060', 'Cicalung'),
('3210060017', '3210060', 'Pageraji'),
('3210060018', '3210060', 'Nunuk Baru'),
('3210070001', '3210070', 'Babakan Jawa'),
('3210070002', '3210070', 'Cibodas'),
('3210070003', '3210070', 'Kulur'),
('3210070004', '3210070', 'Kawunggirang'),
('3210070005', '3210070', 'Sindangkasih'),
('3210070006', '3210070', 'Cicurug'),
('3210070007', '3210070', 'Majalengka Wetan'),
('3210070008', '3210070', 'Tonjong'),
('3210070009', '3210070', 'Tarikolot'),
('3210070010', '3210070', 'Cikasarung'),
('3210070011', '3210070', 'Cijati'),
('3210070012', '3210070', 'Majalengka Kulon'),
('3210070013', '3210070', 'Munjul'),
('3210070014', '3210070', 'Sidamukti'),
('3210080001', '3210080', 'Kawunghilir'),
('3210080002', '3210080', 'Tajur'),
('3210080003', '3210080', 'Cigasong'),
('3210080004', '3210080', 'Simpeureum'),
('3210080005', '3210080', 'Tenjolayar'),
('3210080006', '3210080', 'Kutamanggu'),
('3210080007', '3210080', 'Cicenang'),
('3210080008', '3210080', 'Baribis'),
('3210080009', '3210080', 'Batujaya'),
('3210080010', '3210080', 'Karayunan'),
('3210090001', '3210090', 'Candrajaya'),
('3210090002', '3210090', 'Ciomas'),
('3210090010', '3210090', 'Padahanten'),
('3210090011', '3210090', 'Sukahaji'),
('3210090012', '3210090', 'Cikalong'),
('3210090013', '3210090', 'Babakan Manjeti'),
('3210090014', '3210090', 'Cikoneng'),
('3210090015', '3210090', 'Palabuan'),
('3210090016', '3210090', 'Cikeusik'),
('3210090017', '3210090', 'Salagedang'),
('3210090018', '3210090', 'Tanjungsari'),
('3210090019', '3210090', 'Jayi'),
('3210090020', '3210090', 'Nanggewer'),
('3210091001', '3210091', 'Pasirayu'),
('3210091002', '3210091', 'Garawastu'),
('3210091003', '3210091', 'Sangkanhurip'),
('3210091004', '3210091', 'Indrakila'),
('3210091005', '3210091', 'Sindang'),
('3210091006', '3210091', 'Gunung Kuning'),
('3210091007', '3210091', 'Bayureja'),
('3210100001', '3210100', 'Pajajar'),
('3210100002', '3210100', 'Teja'),
('3210100003', '3210100', 'Payung'),
('3210100004', '3210100', 'Sindangpano'),
('3210100005', '3210100', 'Babakankareo'),
('3210100006', '3210100', 'Sadomas'),
('3210100007', '3210100', 'Kumbung'),
('3210100008', '3210100', 'Rajagaluh Kidul'),
('3210100009', '3210100', 'Singawada'),
('3210100010', '3210100', 'Rajagaluh'),
('3210100011', '3210100', 'Rajagaluh Lor'),
('3210100012', '3210100', 'Cipinang'),
('3210100013', '3210100', 'Cisetu'),
('3210110001', '3210110', 'Bantar Agung'),
('3210110002', '3210110', 'Padaherang'),
('3210110003', '3210110', 'Lengkongwetan'),
('3210110004', '3210110', 'Lengkongkulon'),
('3210110005', '3210110', 'Jerukleueut'),
('3210110006', '3210110', 'Sindangwangi'),
('3210110007', '3210110', 'Buahkapas'),
('3210110008', '3210110', 'Ujungberung'),
('3210110009', '3210110', 'Leuwilaja'),
('3210110010', '3210110', 'Balagedog'),
('3210120001', '3210120', 'Parakan'),
('3210120002', '3210120', 'Lame'),
('3210120003', '3210120', 'Mindi'),
('3210120004', '3210120', 'Rajawangi'),
('3210120005', '3210120', 'Leuwikujang'),
('3210120006', '3210120', 'Nanggerang'),
('3210120007', '3210120', 'Patuanan'),
('3210120008', '3210120', 'Tanjungsari'),
('3210120009', '3210120', 'Karangasem'),
('3210120010', '3210120', 'Heuleut'),
('3210120011', '3210120', 'Ciparay'),
('3210120012', '3210120', 'Leuwimunding'),
('3210120013', '3210120', 'Mirat'),
('3210120014', '3210120', 'Parungjaya'),
('3210130001', '3210130', 'Weragati'),
('3210130002', '3210130', 'Trajaya'),
('3210130003', '3210130', 'Tarikolot'),
('3210130004', '3210130', 'Sindanghaji'),
('3210130005', '3210130', 'Enggalwangi'),
('3210130006', '3210130', 'Buniwangi'),
('3210130007', '3210130', 'Palasah'),
('3210130008', '3210130', 'Pasir'),
('3210130009', '3210130', 'Waringin'),
('3210130010', '3210130', 'Karamat'),
('3210130011', '3210130', 'Sindangwasa'),
('3210130012', '3210130', 'Cisambeng'),
('3210130013', '3210130', 'Majasuka'),
('3210140001', '3210140', 'Pinangraja'),
('3210140002', '3210140', 'Sukaraja Kulon'),
('3210140003', '3210140', 'Sukaraja Wetan'),
('3210140004', '3210140', 'Cibentar'),
('3210140005', '3210140', 'Leuwenggede'),
('3210140006', '3210140', 'Andir'),
('3210140007', '3210140', 'Cicadas'),
('3210140008', '3210140', 'Burujul Wetan'),
('3210140009', '3210140', 'Burujul Kulon'),
('3210140010', '3210140', 'Mekarsari'),
('3210140011', '3210140', 'Jatiwangi'),
('3210140012', '3210140', 'Surawangi'),
('3210140013', '3210140', 'Jatisura'),
('3210140014', '3210140', 'Sutawangi'),
('3210140015', '3210140', 'Ciborelang'),
('3210140016', '3210140', 'Loji'),
('3210150011', '3210150', 'Bojongcideres'),
('3210150012', '3210150', 'Dawuan'),
('3210150013', '3210150', 'Genteng'),
('3210150014', '3210150', 'Gandu'),
('3210150015', '3210150', 'Sinarjati'),
('3210150016', '3210150', 'Baturuyuk'),
('3210150017', '3210150', 'Mandapa'),
('3210150018', '3210150', 'Balida'),
('3210150019', '3210150', 'Pasirmalati'),
('3210150020', '3210150', 'Karanganyar'),
('3210150021', '3210150', 'Salawana'),
('3210151001', '3210151', 'Jatisawit'),
('3210151002', '3210151', 'Leuwikidang'),
('3210151003', '3210151', 'Girimukti'),
('3210151004', '3210151', 'Jatimulya'),
('3210151005', '3210151', 'Wanajaya'),
('3210151006', '3210151', 'Ranjiwetan'),
('3210151007', '3210151', 'Ranjikulon'),
('3210151008', '3210151', 'Gunungsari'),
('3210151009', '3210151', 'Kasokandel'),
('3210151010', '3210151', 'Gandasari'),
('3210160001', '3210160', 'Cijurey'),
('3210160002', '3210160', 'Pasirmuncang'),
('3210160003', '3210160', 'Jatipamor'),
('3210160004', '3210160', 'Bantrangsana'),
('3210160005', '3210160', 'Jatiserang'),
('3210160006', '3210160', 'Bonang'),
('3210160007', '3210160', 'Leuwiseeng'),
('3210160008', '3210160', 'Karyamukti'),
('3210160009', '3210160', 'Panyingkiran'),
('3210170001', '3210170', 'Liangjulang'),
('3210170002', '3210170', 'Heuleut'),
('3210170003', '3210170', 'Cipaku'),
('3210170004', '3210170', 'Kadipaten'),
('3210170005', '3210170', 'Babakan Anyar'),
('3210170006', '3210170', 'Karangsambung'),
('3210170007', '3210170', 'Pagandon'),
('3210180001', '3210180', 'Mekarjaya'),
('3210180002', '3210180', 'Palasah'),
('3210180003', '3210180', 'Pakubeureum'),
('3210180004', '3210180', 'Sukawana'),
('3210180005', '3210180', 'Kertawinangun'),
('3210180006', '3210180', 'Babakan'),
('3210180007', '3210180', 'Kertajati'),
('3210180008', '3210180', 'Kertasari'),
('3210180009', '3210180', 'Mekarmulya'),
('3210180010', '3210180', 'Sukamulya'),
('3210180011', '3210180', 'Bantarjati'),
('3210180012', '3210180', 'Pasiripis'),
('3210180013', '3210180', 'Sukakerta'),
('3210180014', '3210180', 'Sahbandar'),
('3210190001', '3210190', 'Biyawak'),
('3210190002', '3210190', 'Pasindangan'),
('3210190003', '3210190', 'Panongan'),
('3210190004', '3210190', 'Panyingkiran'),
('3210190005', '3210190', 'Randegan Kulon'),
('3210190006', '3210190', 'Randegan Wetan'),
('3210190007', '3210190', 'Putridalem'),
('3210190008', '3210190', 'Jatitengah'),
('3210190009', '3210190', 'Jatitujuh'),
('3210190010', '3210190', 'Babajurang'),
('3210190011', '3210190', 'Pilangsari'),
('3210190012', '3210190', 'Jatiraga'),
('3210190013', '3210190', 'Sumber Kulon'),
('3210190014', '3210190', 'Sumber Wetan'),
('3210190015', '3210190', 'Pangkalanpari'),
('3210200001', '3210200', 'Cibogor'),
('3210200002', '3210200', 'Kertasari'),
('3210200003', '3210200', 'Gandawesi'),
('3210200004', '3210200', 'Beusi'),
('3210200005', '3210200', 'Tegalaren'),
('3210200006', '3210200', 'Buntu'),
('3210200007', '3210200', 'Beber'),
('3210200008', '3210200', 'Wanasalam'),
('3210200009', '3210200', 'Ligung Lor'),
('3210200010', '3210200', 'Ligung'),
('3210200011', '3210200', 'Majasari'),
('3210200012', '3210200', 'Sukawera'),
('3210200013', '3210200', 'Bantarwaru'),
('3210200014', '3210200', 'Ampel'),
('3210200015', '3210200', 'Leuweunghapit'),
('3210200016', '3210200', 'Kodasari'),
('3210200017', '3210200', 'Kedungkancana'),
('3210200018', '3210200', 'Leuwiliang Baru'),
('3210200019', '3210200', 'Kedungsari'),
('3210210001', '3210210', 'Sumberjaya'),
('3210210002', '3210210', 'Garawangi'),
('3210210003', '3210210', 'Banjaran'),
('3210210004', '3210210', 'Sepat'),
('3210210005', '3210210', 'Paningkiran'),
('3210210006', '3210210', 'Parapatan'),
('3210210007', '3210210', 'Panjalin Kidul'),
('3210210008', '3210210', 'Rancaputat'),
('3210210009', '3210210', 'Bongas Wetan'),
('3210210010', '3210210', 'Bongas Kulon'),
('3210210011', '3210210', 'Panjalin Lor'),
('3210210012', '3210210', 'Cidenok'),
('3210210013', '3210210', 'Loji Kobong'),
('3210210014', '3210210', 'Gelokmulya'),
('3210210015', '3210210', 'Pancaksuji');

-- --------------------------------------------------------

--
-- Table structure for table `tbl_wkabupaten`
--

CREATE TABLE `tbl_wkabupaten` (
  `id_kab` varchar(4) NOT NULL,
  `provinsi_id` varchar(2) NOT NULL DEFAULT '',
  `nama_kab` varchar(30) NOT NULL
) ENGINE=InnoDB DEFAULT CHARSET=latin1 ROW_FORMAT=COMPACT;

-- --------------------------------------------------------

--
-- Table structure for table `tbl_wkecamatan`
--

CREATE TABLE `tbl_wkecamatan` (
  `id_kec` varchar(7) NOT NULL,
  `kabupaten_id` varchar(4) NOT NULL DEFAULT '',
  `nama_kec` varchar(30) NOT NULL
) ENGINE=InnoDB DEFAULT CHARSET=latin1 ROW_FORMAT=COMPACT;

--
-- Dumping data for table `tbl_wkecamatan`
--

INSERT INTO `tbl_wkecamatan` (`id_kec`, `kabupaten_id`, `nama_kec`) VALUES
('3210010', '3210', 'Lemahsugih'),
('3210020', '3210', 'Bantarujeg'),
('3210021', '3210', 'Malausma'),
('3210030', '3210', 'Cikijing'),
('3210031', '3210', 'Cingambul'),
('3210040', '3210', 'Talaga'),
('3210041', '3210', 'Banjaran'),
('3210050', '3210', 'Argapura'),
('3210060', '3210', 'Maja'),
('3210070', '3210', 'Majalengka'),
('3210080', '3210', 'Cigasong'),
('3210090', '3210', 'Sukahaji'),
('3210091', '3210', 'Sindang'),
('3210100', '3210', 'Rajagaluh'),
('3210110', '3210', 'Sindangwangi'),
('3210120', '3210', 'Leuwimunding'),
('3210130', '3210', 'Palasah'),
('3210140', '3210', 'Jatiwangi'),
('3210150', '3210', 'Dawuan'),
('3210151', '3210', 'Kasokandel'),
('3210160', '3210', 'Panyingkiran'),
('3210170', '3210', 'Kadipaten'),
('3210180', '3210', 'Kertajati'),
('3210190', '3210', 'Jatitujuh'),
('3210200', '3210', 'Ligung'),
('3210210', '3210', 'Sumberjaya');

-- --------------------------------------------------------

--
-- Table structure for table `tbl_wprovinsi`
--

CREATE TABLE `tbl_wprovinsi` (
  `id_prop` varchar(2) NOT NULL,
  `nama_prop` varchar(30) NOT NULL
) ENGINE=InnoDB DEFAULT CHARSET=latin1 ROW_FORMAT=COMPACT;

-- --------------------------------------------------------

--
-- Structure for view `tbl_calon_extended`
--
DROP TABLE IF EXISTS `tbl_calon_extended`;

CREATE ALGORITHM=UNDEFINED DEFINER=`root`@`localhost` SQL SECURITY DEFINER VIEW `tbl_calon_extended`  AS  (select `tbl_calon`.`id` AS `id`,`tbl_calon`.`thn_pemilihan` AS `thn_pemilihan`,`tbl_calon`.`kdkab` AS `kdkab`,`tbl_calon`.`kdkec` AS `kdkec`,`tbl_calon`.`kddesa` AS `kddesa`,`tbl_calon`.`nourut` AS `nourut`,`tbl_calon`.`nama` AS `nama`,`tbl_calon`.`nik` AS `nik`,`tbl_calon`.`tmp_lahir` AS `tmp_lahir`,`tbl_calon`.`tgl_lahir` AS `tgl_lahir`,`tbl_calon`.`kelamin` AS `kelamin`,`tbl_calon`.`agama` AS `agama`,`tbl_calon`.`alamat1` AS `alamat1`,`tbl_calon`.`alamat2` AS `alamat2`,`tbl_calon`.`id_pendidikan` AS `id_pendidikan`,`tbl_calon`.`pendidikan` AS `pendidikan`,`tbl_calon`.`id_pekerjaan` AS `id_pekerjaan`,`tbl_calon`.`organisasi` AS `organisasi`,`tbl_calon`.`keterangan` AS `keterangan`,`tbl_calon`.`photo` AS `photo`,`tbl_calon`.`s_hasil` AS `s_hasil`,(case when (`tbl_calon`.`nourut` = '1') then `tbl_calon`.`s_hasil` end) AS `CALON1`,(case when (`tbl_calon`.`nourut` = '2') then `tbl_calon`.`s_hasil` end) AS `CALON2`,(case when (`tbl_calon`.`nourut` = '3') then `tbl_calon`.`s_hasil` end) AS `CALON3`,(case when (`tbl_calon`.`nourut` = '4') then `tbl_calon`.`s_hasil` end) AS `CALON4`,(case when (`tbl_calon`.`nourut` = '5') then `tbl_calon`.`s_hasil` end) AS `CALON5` from `tbl_calon`) ;

-- --------------------------------------------------------

--
-- Structure for view `tbl_calon_hasil_pivot`
--
DROP TABLE IF EXISTS `tbl_calon_hasil_pivot`;

CREATE ALGORITHM=UNDEFINED DEFINER=`root`@`localhost` SQL SECURITY DEFINER VIEW `tbl_calon_hasil_pivot`  AS  (select `a`.`kdkec` AS `kdkec`,`c`.`nama_kec` AS `nama_kec`,`a`.`kddesa` AS `kddesa`,`b`.`nama_desa` AS `nama_desa`,`a`.`thn_pemilihan` AS `thn_pemilihan`,sum(`a`.`CALON1`) AS `A`,sum(`a`.`CALON2`) AS `B`,sum(`a`.`CALON3`) AS `C`,sum(`a`.`CALON4`) AS `D`,sum(`a`.`CALON5`) AS `E` from ((`tbl_calon_extended` `a` left join `tbl_wdesa` `b` on((`b`.`id_desa` = `a`.`kddesa`))) left join `tbl_wkecamatan` `c` on((`c`.`id_kec` = `a`.`kdkec`))) group by `a`.`kddesa`) ;

-- --------------------------------------------------------

--
-- Structure for view `tbl_laporan_pivot`
--
DROP TABLE IF EXISTS `tbl_laporan_pivot`;

CREATE ALGORITHM=UNDEFINED DEFINER=`root`@`localhost` SQL SECURITY DEFINER VIEW `tbl_laporan_pivot`  AS  select `a`.`kdkec` AS `kdkec`,`c`.`nama_kec` AS `nama_kec`,`a`.`kddesa` AS `kddesa`,`b`.`nama_desa` AS `nama_desa`,`a`.`thn_pemilihan` AS `thn_pemilihan`,sum(`a`.`CALON1`) AS `A`,sum(`a`.`CALON2`) AS `B`,sum(`a`.`CALON3`) AS `C`,sum(`a`.`CALON4`) AS `D`,sum(`a`.`CALON5`) AS `E`,`d`.`dpt_l` AS `dpt_l`,`d`.`dpt_p` AS `dpt_p`,`d`.`dpt_jml` AS `dpt_jml`,`d`.`sssah` AS `sssah`,`d`.`sstdksah` AS `sstdksah`,`d`.`ssrusak` AS `ssrusak`,`d`.`sstidakterpakai` AS `sstidakterpakai`,`d`.`suratsuara` AS `suratsuara` from (((`tbl_calon_extended` `a` left join `tbl_wdesa` `b` on((`b`.`id_desa` = `a`.`kddesa`))) left join `tbl_wkecamatan` `c` on((`c`.`id_kec` = `a`.`kdkec`))) left join `tbl_desa_penyelenggara` `d` on((`d`.`kddesa` = `a`.`kddesa`))) group by `a`.`kddesa` order by `c`.`nama_kec` ;

--
-- Indexes for dumped tables
--

--
-- Indexes for table `kelamin`
--
ALTER TABLE `kelamin`
  ADD PRIMARY KEY (`id`);

--
-- Indexes for table `tbl_calon`
--
ALTER TABLE `tbl_calon`
  ADD PRIMARY KEY (`id`);

--
-- Indexes for table `tbl_desa_penyelenggara`
--
ALTER TABLE `tbl_desa_penyelenggara`
  ADD PRIMARY KEY (`id`);

--
-- Indexes for table `tbl_hasil_pilkades`
--
ALTER TABLE `tbl_hasil_pilkades`
  ADD PRIMARY KEY (`id`);

--
-- Indexes for table `tbl_opd`
--
ALTER TABLE `tbl_opd`
  ADD PRIMARY KEY (`id_opd`);

--
-- Indexes for table `tbl_pekerjaan`
--
ALTER TABLE `tbl_pekerjaan`
  ADD PRIMARY KEY (`id_pekerjaan`);

--
-- Indexes for table `tbl_pendidikan`
--
ALTER TABLE `tbl_pendidikan`
  ADD PRIMARY KEY (`id_pendidikan`);

--
-- Indexes for table `tbl_role`
--
ALTER TABLE `tbl_role`
  ADD PRIMARY KEY (`id`);

--
-- Indexes for table `tbl_sessions`
--
ALTER TABLE `tbl_sessions`
  ADD KEY `ci_sessions_timestamp` (`timestamp`);

--
-- Indexes for table `tbl_transaksi`
--
ALTER TABLE `tbl_transaksi`
  ADD PRIMARY KEY (`id`);

--
-- Indexes for table `tbl_user`
--
ALTER TABLE `tbl_user`
  ADD PRIMARY KEY (`id`);

--
-- Indexes for table `tbl_wdesa`
--
ALTER TABLE `tbl_wdesa`
  ADD PRIMARY KEY (`id_desa`);

--
-- Indexes for table `tbl_wkabupaten`
--
ALTER TABLE `tbl_wkabupaten`
  ADD PRIMARY KEY (`id_kab`);

--
-- Indexes for table `tbl_wkecamatan`
--
ALTER TABLE `tbl_wkecamatan`
  ADD PRIMARY KEY (`id_kec`);

--
-- Indexes for table `tbl_wprovinsi`
--
ALTER TABLE `tbl_wprovinsi`
  ADD PRIMARY KEY (`id_prop`);

--
-- AUTO_INCREMENT for dumped tables
--

--
-- AUTO_INCREMENT for table `tbl_calon`
--
ALTER TABLE `tbl_calon`
  MODIFY `id` int(11) NOT NULL AUTO_INCREMENT, AUTO_INCREMENT=24;

--
-- AUTO_INCREMENT for table `tbl_desa_penyelenggara`
--
ALTER TABLE `tbl_desa_penyelenggara`
  MODIFY `id` int(11) NOT NULL AUTO_INCREMENT, AUTO_INCREMENT=15;

--
-- AUTO_INCREMENT for table `tbl_hasil_pilkades`
--
ALTER TABLE `tbl_hasil_pilkades`
  MODIFY `id` int(11) NOT NULL AUTO_INCREMENT;

--
-- AUTO_INCREMENT for table `tbl_opd`
--
ALTER TABLE `tbl_opd`
  MODIFY `id_opd` int(11) NOT NULL AUTO_INCREMENT, AUTO_INCREMENT=82;

--
-- AUTO_INCREMENT for table `tbl_pekerjaan`
--
ALTER TABLE `tbl_pekerjaan`
  MODIFY `id_pekerjaan` int(11) NOT NULL AUTO_INCREMENT, AUTO_INCREMENT=89;

--
-- AUTO_INCREMENT for table `tbl_pendidikan`
--
ALTER TABLE `tbl_pendidikan`
  MODIFY `id_pendidikan` int(11) NOT NULL AUTO_INCREMENT, AUTO_INCREMENT=11;

--
-- AUTO_INCREMENT for table `tbl_role`
--
ALTER TABLE `tbl_role`
  MODIFY `id` int(11) NOT NULL AUTO_INCREMENT, AUTO_INCREMENT=4;

--
-- AUTO_INCREMENT for table `tbl_transaksi`
--
ALTER TABLE `tbl_transaksi`
  MODIFY `id` int(11) NOT NULL AUTO_INCREMENT, AUTO_INCREMENT=4;

--
-- AUTO_INCREMENT for table `tbl_user`
--
ALTER TABLE `tbl_user`
  MODIFY `id` int(11) NOT NULL AUTO_INCREMENT, AUTO_INCREMENT=58;
COMMIT;

/*!40101 SET CHARACTER_SET_CLIENT=@OLD_CHARACTER_SET_CLIENT */;
/*!40101 SET CHARACTER_SET_RESULTS=@OLD_CHARACTER_SET_RESULTS */;
/*!40101 SET COLLATION_CONNECTION=@OLD_COLLATION_CONNECTION */;
